NameString,RefString
"Platypus evanidinervius Roberts & Morimoto, 1986",
Heteromyzidae,
Arhynchonemertes,
"Toxeutes (Catypnes) pascoei Lameere, 1904",
Stenostomum viscosum (Duchass. & Walp.) Griseb.,Griseb. In: Fl. Brit. W. I.: 334. (1861).
"Odontocera eirene Lacordaire, 1868",LACORDAIRE Jean Théodore. Histoire Naturelle des Insectes. Genera des Coléoptères ou exposé méthodique et critique de tous les genres proposés jusqu'ici dans cet ordre d'insectes. Paris. Librairie Encyclopédique de Roret. 8: 1-552. (1868).
Cineraria americana L.fil.,L. fil. In: Suppl. 873. (1782).
Ascarophis,
"Nesidiocoris poppiusi (Kiritshenko, 1961)","Kiritshenko, A. N. Synonymical notes on Heteroptera. Acta Entomologica Musei Nationalis Pragae 34: 443--444. (1961)."
Rhododendron trilectorum Cowan,Cowan. In: Notes Roy. Bot. Gard. Edinburgh 20(3): 144-145. (1953).
Erucaria cakiloidea (DC.) O.E.Schulz,
"Aphalara akebiae Shinji, 1944",
"Planococcus principe Cox, 1989",
"Lactarius necator f. nigrescens (Pers.) Courtec. & P.Roux, 2008",Courtec. & P. Roux. In: Docums Mycol. 34(nos 135-136):50. (2008).
Trichomanes ambiguum Mart. ex Kl.,Kl. In: Linn. 14: 287. (1840).
"Papuadytes nomax (J.Balfour-Browne, 1939)",
"Coelostoma (Coelostoma) injuratum J.Balfour-Browne, 1952","Balfour-Browne, J. Mission A. Villiers au Togo et au Dahomey (1950). VII. Coléoptères Hydrophilides. Bulletin de l'Institut Français d'Afrique Noire, 14 (1): 126-139. (1952)."
Ocotea gomezii W.Burger,"W. Burger. In: Fieldiana, Bot., 23: 81. (1990)."
"Euryarthrum atripenne Pascoe, 1866",
"Metaphycus euander Noyes, 2004","Noyes, J.S. Encyrtidae of Costa Rica (Hymenoptera: Chalcidoidea), 2. |Metaphycus| and related genera, parasitoids of scale insects (Coccoidea) and whiteflies (Aleyrodidae). JOURBOOK: Memoirs of the American Entomological Institute VOLUME: 73 PAGES: 459pp. (2004)."
"Isonomeutis amauropa Meyrick, 1887",
Reichardia tingitana discolor (Pomel) Batt.,
Dendrobium treubii J.J.Sm.,J.J.Sm. In: Orch. Ambon: 65. (1905).
"Bracon rotundulus Szepligeti, 1904","Szepligeti, G. Ubersicht der Gattungen und Arten der palaarktischen Braconiden. Mathemathische und Naturwissenschaftlichen Berichte aus Ungarn. 19(1901):145-203. (1904)."
"Sagola murchisonensis Park, Jong-Seok & Carlton, 2014","Park, Jong-Seok & C. E. Carlton. A revision of the New Zealand species of the genus Sagola Sharp (Coleoptera: Staphylinidae: Pselaphinae: Faronitae). Coleopterists Society Monograph, 13: 1-156. (2014)."
"Cantharellus sinuosus var. multiplex (A.H.Sm.) Romagn., 1995","Romagnesi, H. [Prodromus to an analytical flora of agaricoid hymenomycetes III. Fam. Cantharellaceae Schroeter]. In: Docums Mycol. 25(nos 98-100):419. (1995)."
"Mangilia cingulata Dall, 1890",
"Mycosphaerella teucrii (Unamuno) M.Morelet, 1968","Morelet, M. In: Ann. Soc. Sci. Nat. Arch. Toulon et du Var 20:106. (1968)."
Parinari griffithiana Benth.,"Benth. In: W.J.Hooker, Niger Fl.: 334. (1849)."
"Cortinarius brunneofulvus f. myrtillophilus Bidaud, 2009","Bidaud, A.; Moënne-Loccoz, P.; Reumaux, P.; Carteret, X. In: Atlas des Cortinaires (Meyzieu) 18(1, 2):1301. (2009)."
"Platysenta mobilis Walker, 1856",
Siler lancifolium Moench,Moench. In: Meth. 85. (1794).
"Polyporus aureonitens Pat., 1889","Patouillard, N.T. In: Rep. (Ann.) N.Y. St. Mus. nat. Hist. 42:121. (1889)."
Othonna filicaulis Jacq.,Jacq. In: Pl. Rar. Hort. Schoenbr. 2: 62. t. 241. (1797).
Falconiformes,
"Hydroptila jaruma Wells, 1990",
"Asplanchnopus dahlgreni Myers, 1934",
"Pseudochorthippus parallelus erythropus (Faber, 1958)",
"Agrilus vinctus Fisher, 1933",Fisher W. S. New species of buprestid beetles from Mexico and Central America. Proceedings of the United States National Museum (Number 2968) 82(27):1-47. (1933).
"Peregriana dolgini (Gundrizer & Starobogatov, 1979)",
"Notodysiferus dhondtae Alderslade, 2003",
"Rhizopus oryzae var. araneosus Y.Takeda, 1935","Takeda, Y. In: J. agric. Chem. Soc. Japan 11:911. (1935)."
Callicarpa oshimensis Hayata,Hayata. In: J. Coll. Sci. Imp. Univ. Tokyo 30(1): 221. (1911).
"Plectris andicola Frey, 1969",Frey G. Neue Macrodactylini. Entomologische Arbeiten aus dem Museum G.Frey 20:376-402. (1969).
"Macromerus flavocinctus Champion, 1905",
"Phylaitis pusio Pascoe, 1871",
"Sclerophthora northii (W.Weston) Thirum., C.G.Shaw & Naras., 1953","Thirum., C.G. Shaw & Naras. In: Bull. Torrey bot. Club 80:300. (1953)."
"Euneophlebia spatulata Berio, 1972",
"Cerambyx farinosus Fabricius, 1781","FABRICIUS Johann Christian. Species insectorum exhibentes eorum differentias specificas, synonyma auctorum, loca natalia, metamorphosin adiectis observationibus, descriptionibus. Hamburgi et Kilonii: Carol Ernest Bohnii 1: iii-viii + 1-552. (1781)."
"Psaenythia solani Schrottky, 1907",
"Corticium confine var. confine Bourdot & Galzin, 1911",Bourdot & Galzin. In: Bull. Soc. mycol. Fr. 27(2):260. (1911).
"Penicillium glycyrrhizicola A.J.Chen, 2012","Chen, A.J.; Tang, D.; Zhou, Y.Q.; Sun, B.D.; Li, X.J.; Wang, L.Z.; Gao, W.W. Identification of ochratoxin A-producing fungi associated with fresh and dry liquorice. In: PLoS ONE 8(10):e78285, 3. (2012)."
Typha minor (L.) Sm.,Sm. In: Fl. Brit. 3: 960. (1804).
"Strongylosoma japonicum Peters, 1864",
"Pseudobagrus fui Miao, 1934",
"Chalcophora liberta (Germar, 1824)","Germar E. F. Insectorum species novae aut minus cognitae, descriptionibus illustratae, Volume 1, Coleoptera. Halae, Hendel, 624 pp. (1824)."
"Tasmanoonops inornatus Hickman, 1979","Hickman, V. V. Some Tasmanian spiders of the families Oonopidae, Anapidae and Mysmenidae. Papers and Proceedings of the Royal Society of Tasmania 113: 53-79. (1979)."
Methanopyraceae,
Aleuria,
"Passalus (Didimus) knutsoni Aurivillius, 1886",
"Pneumoderma violaceum d'Orbigny, 1835",
"Favolaschia zenkeriana (Singer) Singer, 1974","Singer, R. In: Beih. Nova Hedwigia 50:40. (1974)."
Ceanothus hypericoides L'Her. ex DC.,DC. In: Prod. 2: 32. (1825).
"Lepturgus argentinus Berg, 1889",BERG Frederico Guillermo Carlos. Quadraginta Coleoptera nova Argentina. Anales de la Universidad de Buenos Aires 6: 105-157. (1889).
"Satrapes maghrebinus Yélamos, 1997","Yélamos, T. Description of a new species of Satrapes Schmidt, 1885 with proposed phylogeny of the Palearctic genera of Hetaeriinae (Coleoptera: Histeridae). Sessió Conjunta d'Entomologia, ICHN-SCL, vol. 9. (1997)."
"Tabanus recedens Walker, 1854",
Neotrichina,
"Pterostichus (Myosodus) lacunosus (Chaudoir, 1844)",
"Hyposmochoma costimaculata Walsingham, 1907",
Melampyrum bosniacum Ronniger,Ronniger. In: Mitt. Naturw. Ver. Steierm. 54: 294. (1918).
"Ambulyx phalaris carycina Jordan, 1919",
"Microbotryum scabiosae (Sowerby) G.Deml & Prillinger, 1991","Prillinger, H.; Deml, G.; Dörfler, C.; Laaser, G.; Lockau, W. Ein Beitrag zur Systematik und Entwicklungsbiologie höherer Pilze: Hefe-Typen der Basidiomyceten. Teil II: Microbotryum-Typ. In: Bot. Acta 104(1):10. (1991)."
Orchis bifolia var. macroglossa Wallr.,Wallr. In: Sched. Crit.: 486. (1822).
"Ctenodes minuta Latreille, 1836","CUVIER Georges Christian Léopold Dagobert. Le Règne Animal distribué d'après son organisation, pour servir de base à l'histoire naturelle des animaux, et d'introduction à l'anatomie comparée. Edition accompagnée de planches gravées, représentant les types de tous les genres, les caractères distinctifs des divers groupes et les modifications de structure sur lesquelles repose cette classification; par une réunion des disciples de Cuvier. Le Règne Animal 12, Insectes. I. Atlas. Fortin, Masson & Cie, Paris. (J. V. Audouin, E. Blanchard, L. Doyère & H. Milne Edwards, éditeur): iv-xii + 1-557, 75 pls. (1836-1843)."
"Ibidion leucozona Bates, 1885","BATES Henry Walter. Supplement to Longicornia. Biologia Centrali-Americana, Insecta, Coleoptera 5: 249-436, pls. XVII-XXIV. (1885)."
"Colpoma agathidis P.R.Johnst., 1991","Johnston, Peter R. Rhytismataceae in New Zealand 5. Wood- and bark-inhabiting species in the genera Colpoma and Propolomyces. In: N.Z. Jl Bot. 29(4):405. (1991)."
"Pselaphaulax depressifrons Jeannel, 1960","Jeannel, R. Révision des Psélaphides Malgaches. Bulletin de l'Académie Malgache, 36: 31-216. (1960)."
"Clinidium (Clinidium) trionyx R.T. & J.R.Bell, 1985",
Parmelia almbornii Hale,Hale. In: Bot. Not. Vol.: 124 Issue: 3 p. 345. (1971).
"Albinaria (Cerigana) edmundi (E.Gittenberger, 1987)","Bank, R. A.; Neubert, E. Checklist of the land and freshwater Gastropoda of Europe. (2017)."
"Euthria kobelti Strebel, 1905","Pastorino G. Revision of the genera Pareuthria Strebel, 1905, Glypteuthria Strebel, 1905 and Meteuthria Thiele, 1912 (Gastropoda: Buccinulidae) with the description of three new genera and two new species from Southwestern Atlantic waters. Zootaxa. 4179(3): 301-344. (2016)."
Sebaea compacta A.W.Hill,"A. W. Hill. In: Kew Bull., 323. (1908)."
Glycine warreensis Dalzell,
Taraxacum braun-blanquetii van Soest,"van Soest. In: Vegetatio, v-vi. 524. (1954)."
"Dolichomitus urainus (Sonan, 1936)","Sonan, J. Formosan Ichneumon flies of the genus Ephialtes Schrank (=Ichneumon of Cushman and Rohwer). Transactions of the Natural History Society of Formosa. Taihoku. 26(150):103-107. (1936)."
"Haemaphysalis sulcata Canestrini & Fanzago, 1878",
"Schoenionta shelfordi Aurivillius, 1923","AURIVILLIUS Christopher. Cerambycidae : Lamiinae. II. Coleopterorum Catalogus pars 74 [Vol. 23] II: 323-704. W. Junk & S. Schenkling, Berlin. (1923)."
"Misgomyces rhizophorus Thaxt., 1931","Thaxter, R. In: Mem. Am. Acad. Arts Sci., ser. 2 16(1):303. (1931)."
Abies concolor f. atroviolacea Cinovskis,Cinovskis. In: Introd. Rast. Bot. Sad. Pribaltiki: 48. (1974).
Carex delicatula C.B.Clarke,"C.B.Clarke. In: Bull. Misc. Inform. Kew, Addit. Ser. 8: 79. (1908)."
"Pegomyia marginata Huckett, 1939",
Paeonia daurica coriifolia (Rupr.) D.Y.Hong,D. Y. Hong. In: Bot. J. Linn. Soc. 143(2): 145. (2003).
"Stenus immarginatus Mäklin, 1853","Mäklin, F. G. [New species and notes]. In: Mannerheim, C. G. Dritter Nachtrag zur Kaefer-Fauna der Nord-Amerikanischer Laender des Russischen Reiches. Bulletin de la Société Impériale des Naturalistes de Moscou, 26 (3): 95-273. (1853)."
"Leptinobaris bidens G.C.Champion, 1909",
"Astatumen bartosi (Wêglarska, 1959)",
"Pleurotus pometi var. pometi (Fr.) Quél., 1872","Quélet, L. In: Mém. Soc. Émul. Montbéliard, Sér. 2 5:112. (1872)."
Solanum mesopliarthrum Bitter ex Rojas & J.A.Steyermark,"Rojas & J. A. Steyermark. In: Pittieria, 7: 20. (1978)."
"Lissodendoryx flabellata Burton, 1929","Vacelet, J.; Arnaud, F. Invertébrés marins des XIIème et XVème Expéditions Antarctiques françaises en Terre Adélie. 2. - Démosponges. Téthys. Supplement 4: 9-24. (1972)."
"Favartia brazieri (Angas, 1878)",
"Chloroperla lunigera Klapálek, 1923",
"Habroloma clotho (Obenberger, 1929)",Obenberger J. Revision des espèces exotiques du genre Trachys Fabr. du continent asiatique. PÍehled exotichých druhç rodu Trachys Fabr. asijské pevniny. Acta Entomologica Musaei Nationalis Pragae 7:5-106. (1929).
"Corvina oxyptera DeKay, 1842",
Semenovia malcolmii (Hemsl. & H.Pearson) Pimenov,Pimenov. In: Nordic J. Bot. 31(6): 660. (2013).
"Makula pictipennis (Walker, 1870)",
Rhinanthus glacialis simplex (Sterneck) J.Dostál,"J. Dostál. In: Folia Mus. Rer. Nat. Bohem. Occid., Bot., 21: 11. (1984)."
Orchis ustulata f. emarginata Zapal.,Zapal. In: Consp. Fl. Gallic. Crit.: 201. (1906).
"Agkistrodon mokasen laticinctus Gloyd & Conant, 1943",
"Anoplodera antecurrens (Wickham, 1913)",
"Geotrupes viridissimus Miksic, 1958",
"Toloxis imponderosa W.R.Buck, 1994",W. R. Buck. Bryologist. (1994).
"Cicada superba Billberg, 1820","Billberg, G.J. Enumeratio insectorum in Museo Gust. Joh. Billberg. 1-138. (1820)."
"Pyrenophora teres f. teres Drechsler, 1923","Drechsler, C.F. In: J. Agric. Res., Washington 24(8):656. (1923)."
"Corticium leptospermi G.Cunn., 1954","Cunningham, G.H. In: Trans. Roy. Soc. N.Z. 82:312. (1954)."
"Halistemma tergestinum Claus, 1878","Claus, C. Uber Halistemma tergestinum nebst Bemerkungen uber den feineren Bau der Physophoride. - Arbeiten aus dem zoologischen Institut der Universität Wien 1: 1-45, pl. 1-5. (1878)."
"Chrysosoma delectans (Walker, 1856)",
Gomphia affinis Hook.fil.,Hook. fil. In: Hook. Niger Fl. 274. (1849).
Astragalus gaubae Bornm.,Bornm. In: Repert. Spec. Nov. Regni Veg. 50: 161. (1941).
"Mahura spinosa Forster & Wilton, 1973","Forster, R. R., Wilton, C. L. The spiders of New Zealand. Part IV. Otago Museum Bulletin 4: 1-309. (1973)."
"Neotrachyostus equadorensis Browne, 1962e",
"Micromonodes leucosticta Schaus, 1914",
"Gymnopus perforans transatlanticus R.H.Petersen, 2016",Petersen & Hughes. In: MycoKeys 18:52. (2016).
"Passalora astragali var. astragali (Ellis & Holw.) U.Braun, 1993","Braun, U. In: Cryptog. bot. 3(2-3):238. (1993)."
Cynometra bijuga,
Eustoma chironioides (Benth.) Griseb.,Griseb. In: DC. Prod. 9: 51. (1845).
"Capsus fasciatus H.Meyer-Dur, 1841","Meyer-Dür, H. Identität und Separation einiger Rhynchoten. Stettiner Entomologische Zeitung 2: 82--89. [Note: author's name indicated as Meyer]. NOT SEEN. (1841)."
"Melanotaenia rubrostriatus (Ramsay & Ogilby, 1886)",
"Orientoreicheia multisetosa Balkenohl & Brunne, 2004",
"Dracaenura myota Meyrick, 1886",
Paurotis schippii Burret,Burret. In: Notizbl. Bot. Gart. Berlin-Dahlem 12: 303. (1935).
"Sphagnum contortulum H.Crum, 1991",H. Crum. Bryologist. (1991).
Vitis albida Baker,Baker. In: Mart. Fl. Bras. 14(2): 212. (1871).
"Gampsoacantha pumilio M.Josifov & Stusak, 1987","Josifov, M. & Stusak. A new genus and two new species of Afrotropical Metacanthinae (Heteroptera, Berytidae). Acta Entomologica Bohemoslovaca (Acta Entomol. Bohemosl.) 84:287-294. (1987)."
"Moitessieria acicula F.Sandberger, 1871","Wenz, W. Fossilium Catalogus I: Animalia. Gastropoda extramarina tertiaria. (1923-1930)."
"Apoderus ardea Gyllenhal, 1839",
Talauma espinalii Lozano,Lozano. In: Fl. Colombia 1: 70. (1983).
Davallia denticulata f. camerounensis Bonap.,Bonap. In: Notes Pterid. 7: 224. (1918).
"Paracalliope dichotomus Morino, 1991",
"Elphos subrubida Warren, 1896",
"Onthophagus cribratus Lansberge, 1883","Lansberge J.W. van. Revision des Onthophagus de l'Archipel Indo-Neerlandais, avec description des especes nouvelles. Notes from the Leyden Museum. Leyden 5:41-82; 145-149. (1883)."
"Marmosops juninensis (Tate, 1931)",
"Vespa ochrosticta Licht., 1796",
"Physcomitrium platyphylloides Paris, 1905",Paris. Index Bryol. (ed. 2). (1905).
Meniscium guyanense Fée,Fée. In: Gen. 224. (1850-52).
"Homoneura latifrons Malloch, 1927",
"Lonchodes bobaiensis (S.C.Chen, 1986)",
Passiflora lyra Planch. & Linden ex Killip,"Killip. In: Journ. Wash. Acad. Sc., 20: 377. (1930)."
"Eurycope truncata Richardson, 1908",
Aloe tenuior var. viridifolia van Jaarsv.,van Jaarsv. In: Aloe 44: 60. (2007).
"Tricholoma groanense Viola, 1959","Viola, S. In: Atti Soc. ital. Sci. nat. 98:142. (1959)."
"Hypsioma albisparsa Lacordaire, 1872",LACORDAIRE Jean Théodore. Histoire Naturelle des Insectes. Genera des Coléoptères ou exposé méthodique et critique de tous les genres proposés jusqu'ici dans cet ordre d'insectes. Famille LXVIII. Longicornes. (suite). Sous-famille III. LAMIIDES. Paris. Librairie Encyclopédique de Roret. 9 (2): 411-930. (1872).
"Dichomeris stratella Walsingham, 1897",
Eupritchardia lanigera (Becc.) Kuntze,Kuntze. In: Revis. Gen. Pl. 3(2): 323. (1898).
Campomanesia eugenioides (Cambess.) Diego Legrand,"Diego Legrand. In: Not. Syst., Paris, 15: 274. (1958)."
"Drosophila denticulata Bock & Wheeler, 1972",
Epicranthes glebodactyla W.Suarez & Cootes,W.Suarez & Cootes. In: OrchideenJ. 16: 118. (2009).
"Parendymia pilipes Kirsch, 1877",
"Neptis soma sumatrensis van Eecke, 1918",
"Conocybe cettoiana Hauskn. & Enderle, 1992","Hausknecht, A.; Enderle, M. Conocybe-Pholiotina-Studien III: Drei neue Conocybe-Arten aus Italien. In: Z. Mykol. 58(2):197. (1992)."
"Vidua fischeri (Reichenow, 1882)",
"Cortinarius hebelomoides J.Favre, 1960","Favre, J. In: Ergebn. wiss. Unters. schweiz. NatnParks 6:528, 588. (1960)."
Trachyspermum arabiae-felicis C.C.Townsend,C. C. Townsend. In: Kew Bull. 32: 320. (1978).
Lecythis alba Aubl. ex S.A.Mori,Aubl. ex S.A.Mori. In: Brittonia 30: 113. (1978).
"Prosipho glacialis Thiele, 1912",
"Scapanes australis (Boisduval, 1835)","Boisduval J.B. Voyage de découvertes de l’Astrolabe. Exécuté par ordre du Roi, pendant les années 1826, 1827, 1829, sous le commandement de M.J.Dumont d'Urville. Faune Entomologique de l'Océan Pacifique, avec l'illustration des insectes nouveaux receuillis pendant le voyage. 2me partie. Coléoptères et autres Ordres. Tatsu. Paris 2:1-716 (152-247). (1835)."
"Catalabus kazantsevi Legalov, 2007",
"Tachysphex julliani africanus Pulawski, 1971",
"Discodes minor (Mercet, 1921)","Noyes, J.S. On the types of the species of Encyrtidae described by R. Garcia Mercet (Hymenoptera: Chalcidoidea). JOURBOOK: Eos. Revista Española di Entomologia. Madrid. VOLUME: 55/56 PAGES: 165-189. (1981)."
Oontomyces,
Rheedia cincta Urb.,Urb. In: Symb. Antill. 9: 404. (1925).
Chlorospatha castula (Madison) Madison,Madison. In: Selbyana 5: 356. (1981).
"Oranmorpha andreinii dongolliana Brölemann, 1903",
Acacia burrowii Maiden,Maiden. In: J. Proc. Roy. Soc. New South Wales 53: 227 (1920). (1920).
Dendrobium lewisiae Schuit. & de Vogel,Schuit. & de Vogel. In: Malesian Orchid J. 4: 104. (2009).
"Viviparus (Viviparus) subsphaeridius Datsenko, 2007","Gozhik, P.F., Datsenko, L.N. Presnovodnyye Mollyuski pozdnego kaynozoya yuga Vostochnoy Yevropy. Chast' II. Natsional'naya Akademiya Nauk Ukrainy, Institut Geologicheskikh Nauk, Kiev. (2007)."
"Cortinarius subvelatus (Rob.Henry) Bidaud & Moënne-Locc., 2008","Bidaud, A.; Moënne-Loccoz, P.; Reumaux, P.; Carteret, X.; Eyssartier, G. In: Atlas des Cortinaires (Meyzieu) 17(1):1178. (2008)."
"Barbatia avellanaria Melvill & Standen, 1907","Huber, M. Compendium of bivalves. A full-color guide to 3,300 of the world's marine bivalves. A status on Bivalvia after 250 years of research. Hackenheim: ConchBooks. 901 pp., 1 CD-ROM. (2010)."
Empoasca (Empoasca) calcea,"DeLong, D.M., Knull, D.J. Check list of the Cicadellidae (Homoptera) of America, north of Mexico. Columbus: Ohio St. Univ. Press. 1945. V? p. (1946)."
"Polyporus clypeatus (Pat.) Rick, 1907","Rick, J.E. In: Brotéria, sér. bot. 6(no. 2):82. (1907)."
"Candacia elongata (Boeck, 1872)",
"Uvigerina nodosa d'Orbigny, 1826",
"Pseudoprotaetia pilicollis Kraatz, 1897",
"Oecobius dolosus Wunderlich, 1987","Wunderlich, J. Die Spinnen der Kanarischen Inseln und Madeiras: Adaptive Radiation, Biogeographie, Revisionen und Neubeschreibungen. Triops Langen 435 pp. (1987)."
"Compsus (Compsus) lepidus Boheman, 1840",
"Ceuthorhynchus sophiae Gyllenhal, 1837",
"Cnemidothrix meridionalis Paulian, 1945","Paulian R. Les Celeuthetides des Nouvelles Hebrides (Coleoptera. Curculionidae). Revue Francaise d'Entomologie 11: 179–202 1 map, 70 figs. (1945)."
Stigmaphyllon bonariense (Hook. & Arn.) C.E.Anderson,"C. E. Anderson. In: Brittonia, 48(4): 543. (1997)."
"Macrosporium bulbotrichum (Corda) Fr., 1849","Fries, E.M. In: Summa veg. Scand., Sectio Post. (Stockholm):501. (1849)."
"Eucosma galactitis Meyrick, 1912",
"Dichoptera herbida Walker, 1851",
"Degeeriella baliola Blagoveshtchensky, 1951",
"Glenopopillia rufipennis Lin, 1980",Lin P. A New Genus and Two New Species of Rutelidae from South China. Acta Zootaxonomica Sinica 5(1):75-78. (1980).
"Systates (Systates) vicinalis Faust, 1889",
"Dapsilarthra tirolensis (Konigsmann, 1972)","Konigsmann, E. Zur Kenntnis verschiedener Gattungen der Alysiinae nebst Beschreibung der neuen Gattung Paraorthostigma (Hymenoptera, Braconidae). Deutsche Entomologische Zeitschrift. 19(I/III):21-30. (1972)."
Elsholtzia densa Benth.,Benth. In: Labiat. Gen. Spec.: 714. (1835).
"Gymnodinium wulffii Schiller, 1933",
Aphis (Aphis) spiraephaga,
"Pedicia (Crunobia) zernyi (Lackschewitz, 1940)",
"Anomala ruficapilla Burmeister, 1855","Burmeister H.C.C. Handbuch der Entomologie. Coleoptera Lamellicornia, Phyllophaga, Chaenochela. Berlin 4(2):1-570. (1855)."
"Mabuia bibronii Boulenger, 1890",
"Phaeochrous davidis Fairmaire, 1886",
"Hypocaccus (Hypocaccus) bigener (J.E.LeConte, 1844)",
"Pectinaster mimicus malayanus Döderlein, 1921",
Southwellina,
"Odontostilbe madeirae Fowler, 1913",
"Heteroepichloe sasae (Hara) E.Tanaka, C.Tanaka, Gafur & Tsuda, 2002","Tanaka, E.; Tanaka, C.; Gafur, A.; Tsuda, M. Heteroepichloë, gen. nov. (Clavicipitaceae; Ascomycotina) on bamboo plants in East Asia. In: Mycoscience 43(2):92. (2002)."
Microula sikkimensis (C.B.Cl.) Hemsl.,Hemsl. In: Hook.'s Icon. Pl. 26: t. 2562. (1898).
"Cosmopirnodus pulcherrimus Balogh, 1970",
"Rhinaria cristata Kirby, 1819",
Proconia atra contraria,"Walker, F. Supplement. List of the specimens of homopterous insects in the collection of the British Museum. London: Order of Trustees. 307 p. (1858)."
Geopyxella,
Specklinia icterina Bogarín,Bogarín. In: Lankesteriana 13: 201. (2014).
Mycena vitilis,In: sensu Ricken (1915); fide Checklist of Basidiomycota of Great Britain and Ireland (2005).
"Tubulicrinis globisporus K.H.Larss. & Hjortstam, 1978",K.H. Larss. & Hjortstam. In: Mycotaxon 7(1):123. (1978).
"Derocalymma costata J.A.G.Rehn, 1933","Rehn, J. A. G. African and Malagasy Blattidae (Orthoptera), -Part II. Proceedings of the Academy of Natural Sciences of Philadelphia 84:405-511. (1933[1932])."
"Hylaeogena confusa Cobos, 1958",Cobos A. Tercera nota sobre Bupréstidos (Ins. Coleoptera) neotropicales descripciónes y rectificaciónes diversas. Acta Zoologica Lilloana 15:83-102. (1958).
"Glenea peregoi sumatrensis Breuning, 1976",
"Opisthotricha paraholophila Wang & Nie, 1935",
Ocotea viburnoides (Meisn.) Mez,Mez. In: Jahrb. Bot. Gart. Berl. 5: 322. (1889).
"Mandalotus magnicollis Lea, 1917",
"Psiloptera bennigseni Kerremans, 1899",
"Astenus (Astenognathus) sutteri Scheerpeltz, 1957","Scheerpeltz, O. Staphylinidae (Col.) von Sumba und Flores (4. Beitrag zur Kenntnis der Staphyliniden der orientalischen Region). In: Wissenschaftliche Ergebnisse der Sumba-Expedition des Museum für Völkerkunde und des Naturhistorischen Museums in Basel, 1949. Verhandlungen der Naturforschenden Gesellschaft in Basel, 68: 217-357. (1957)."
Anchietea exaltata Eichl.,"Eichl. In: Mart., Fl. Bras. 13: I. 355. (1872)."
Aloysia polygalifolia Cham.,Cham. In: Linnaea 7: 236. (1832).
"Dorcus kyawi Nagai & Maeda, 2009",Nagai S. & Maeda T. Four new species of stag-beetles from Myanmar. Gekkan-Mushi 462:46-49. (2009).
"Genolopa longovata Hopkins, 1941",
Lens phaseoloides L.,
"Paradentalina caribbeana Hofker, 1976",
"Helvetiosoma cornigerum Bigler, 1912",
Hagapteryx,
"Phellinus conchatus f. ulmi Bondartsev, 1955","Bondartsev, A.S. In: Botanicheskie Materialy 10:194. (1955)."
Borreria ocymoides f. bisepala (Bremek.) Steyerm.,Steyerm. In: Acta Bot. Venez. 6: 194. (1971 publ. 1972).
"Glyptoderus koltzei Grundmann, 1956",
"Mecyclothorax planipennis Liebherr, 2015","LIEBHERR, James Kenneth. The Mecyclothorax beetles (Coleoptera, Carabidae, Moriomorphini) of Halekala, Maui: Keystone of a hyperdiverse Hawaiian radiation. -. ZooKeys, 544: 1-407. (2015)."
Nolanea proletaria,"In: sensu Ricken.; fide Noordeloos (Fungi Europaei, vol. 5. Entoloma s.l.: 243. 1992)."
Roycea spinescens C.A.Gardner,C. A. Gardner. In: Journ. Roy. Soc. W. Austral. 38: 79. (1948).
"Aphonomorphus (Furcaphonus) amazon Gorochov, 2010",
Pandanus boucheanus K.Koch,K.Koch. In: Wochenschr. Gärtnerei Pflanzenk. 1: 131. (1858).
Ophrys galilaea H.Fleischm. & Bornm.,H.Fleischm. & Bornm. In: Ann. Naturhist. Mus. Wien 36: 12. (1923).
Forsteronia luschnathii Müll.Arg.,"Müll. Arg. In: Mart., Fl. Bras. 6(1): 98. (1860)."
Gladiolus striatus Roem. & Schult.,"Roem. & Schult. In: Syst. Veg., ed. 15 bis 1: 435. (1817)."
"Microsania boycei Chandler, 1994",
"Agaricus rubromarginatus Fr., 1815","Fries, E.M. In: Observ. mycol. (Havniae) 1:42. (1815)."
Cyphostemma lageniflorum (Gilg & Brandt) Descoings,"Descoings. In: Not. Syst., Paris, 16: 122 (1960), et Nat. Monspel., Ser. Bot., Fasc. 18, 223. (1967)."
Asteriscus daltonii daltonii,
"Dialeurodes pseudocitri Takahashi, 1942",
"Proarcestes bicarinatus (Münster, 1841)",G. Münster. Beiträge zur Geognosie und Petrefacten-Kunde des südöstlichen Tirols vorzüglich der Schichten von St. Cassian. II. Beschreibung und Abbildung der in den Kalkmergelschichten von St. Cassian gefunden Versteinerungen. Beiträge zur Petrefacten-Kunde: 25--152. (1841).
Athyrium chayuense Z.R.Wang,Z. R. Wang. In: Vasc. Pl. Hengduan Mount. 1: 84. (1993).
"Heteronemia praetermissa (Brunner von Wattenwyl, 1907)",
"Leptodesmus rubricus Schubart, 1955",
Piper pseudopsis C.DC. ex Pittier,"Pittier. In: Anal. Inst. Fis-Geog. Costa Rica, 8: 248, repr. (1898)."
Spergula arvensis var. gracilis E.Petit,E. Petit. In: Bot. Tidsskr. 14: 245. (1885).
"Ochrotomys nuttalli lisae Packard, 1969",
"Orthotrichia tragetti Mosely, 1930",
"Niphetia curtisiana (Enderlein, 1906)","Enderlein, G. Monographie der Coniopterygiden. Zoologische Jahrbücher (Abteilung für Systematik, Geographie und Biologie) 23:173-242. (1906)."
"Prosoeca beckeri Lichtwardt, 1920",
"Leptoporus borealis (Fr.) Pilát, 1938","Kavina & Pilát. In: Atlas Champ. l'Europe, III, Polyporaceae (Praha) 1:234. (1938)."
Ficus urdanetensis Elmer,Elmer. In: Leafl. Philipp. Bot. 7: 2413. (1914).
Stelis caespitifica Rchb.f.,Rchb.f. In: Bonplandia (Hannover) 3: 71. (1855).
"Amauromyza valans Singh & Ipe, 1973",
"Potanthus ilion De Nicéville, 1897",
"Ocypus (Pseudocypus) anophthalmicus (Hernández & Aguiar, 1988)","Hernández, J. J. & A. Aguiar. Una nueva especie de Atlantogoerius endogeo de Tenerife (Islas Canarias) (Coleoptera, Staphylinidae). Fragmenta Entomologica, 21 (1): 85-92. (1988)."
"Paradorydium longifasciana Li, 1990",
Acoridium microchilum (Schltr.) Ames,Ames. In: Orchidaceae 7: 81. (1922).
"Gabrius phaeopus Stephens, 1833","Stephens, J. F. Illustrations of British entomology, or a synopsis of indigenous insects, containing their generic and specific distinctions, with an account of their metamorphoses, times of appearance, localities, food, and economy, as far as practicable. Mandibulata, Vol. 5. Baldwin & Cradock, London. pp. 241-304, pl. 27. (1833)."
Xiambola,
Licaria misantlae (T.S.Brandegee) Kosterm.,"Kosterm. In: Meded. Bot. Mus. Herb. Rijks Univ. Utrecht, No. 42, 602 (1937), et in Rec.Trav. Bot. Neerl., 34: 602. (1937)."
"Gerbillus (Gerbillus) aquilus Schlitter & Setzer, 1972",
"Uredo oxalidis Lév., 1841","Léveillé, J.-H. In: Annls Sci. Nat., Bot., sér. 2 16:240. (1841)."
"Zdenekiana squama Huggert, 1979","Huggert, L. A new species of the genus |Zdenekiana| Hugg. in Canada (Hymenoptera: Chalcidoidea: Pteromalidae). JOURBOOK: Canadian Entomologist VOLUME: 111(9) PAGES: 1057-1058. (1979)."
Pseudodiamerus,
"Phintella conradi Prószyński & Deeleman-Reinhold, 2012","Prószyński, J., Deeleman-Reinhold, C. L. Description of some Salticidae (Aranei) from the Malay archipelago. II. Salticidae of Java and Sumatra, with comments on related species. Arthropoda Selecta 21: 29-60. (2012)."
Cybianthus antillanus (Mez) G.Agostini,"G. Agostini. In: Acta Biol. Venezuel., 10(2): 157. (1980)."
"Asarta alticola Hampson, 1930",
"Perca vigintiuniradiata Larrañaga, 1923",
"Propionibacterium thoenii van Niel, 1928",
"Paracyclomaurus seriatellus Loges, 1906",
"Aneurinibacillus danicus Goto et al., 2004",
"Lactarius obscuratus var. radiatus (J.E.Lange) Romagn., 1974","Romagnesi, H. In: Bull. trimest. Soc. mycol. Fr. 90:145. (1974)."
"Cobalus deleta Herrich-Schäffer, 1869",
Aderorrhinus,
Rhynchospora corymbosa var. organensis (C.B.Clarke) Kük.,Kük. In: Bot. Jahrb. Syst. 74: 416. (1949).
"Pervagor melanocephalus johnstonensis Woods, 1966",
Sorghum verticilliflorum var. infrequens Snowden,"Snowden. In: J. Linn. Soc., Bot. 55: 236. (1955)."
"Brachylomia curvifascia Smith, 1891",
Pittosporum acutisepalum (Hbd.) Sherff,"Sherff. In: Publ. Field Mus. Nat. Hist., Chicago, Bot. Ser., 22: 409. (1941)."
"Pleistophora peponoides Schulman, 1962",
"Loboderes parvulus Casey, 1922",
"Megaselia riefi Brenner, 2006",
"Turbonilla johnsoni Baker, Hanna & A.M.Strong, 1928",
"Entedon xanthostoma (Ratzeburg, 1844)","Ratzeburg, J.T.C. Die Ichneumonen der Forstinsekten in entomologischer und forstlicher Beziehung. VOLUME: 2 PAGES: vi+238pp, 4 tables, 3 plates. (1848)."
"Eloactis capensis (Verrill, 1865)",
Physalis atriplicifolia Poir.,Poir. In: Encyc. Suppl. 2: 348. (1811).
Sibovia sanguineovittata,"Metcalf, Z.P. General catalogue of the Homoptera. Fascicle VI. Cicadelloidea. Part 1. Tettigellidae. Washington, D.C.: USDA. II? p. (1965)."
"Omphreus (Omphreus) morio strupii Winkler, 1933",
"Pseudanophthalmus potomaca senecae Valentine, 1932",
"Pygopus klugei Wells & Wellington, 1985",
"Arotrephes perfusor (Gravenhorst, 1829)","Gravenhorst, J.L.C. Ichneumonologia Europaea. Pars II. Vratislaviae. 989 pp. (1829)."
"Apistosia pogonoprocta Dognin, 1899",
Bahia depressa M.E.Jones,M. E. Jones. In: Contr. W. Bot. 17: 31. (1930).
"Dytiscus fuscipes Linnaeus, 1758","Linnaeus, C. Systema naturae per regna tria naturae, secundum classes, ordines, genera, species, cum characteribus, differentiis, synonymis, locis. Editio decima, reformata. Vol. 1. L. Salvii, Holmiae. 824 + iii pp. (1758)."
"Stenoptilia bandamae Bigot, 1964","Bigot, L. Les Pterophoridae de Côte d'Ivoire. Bull. Soc. Sci. Nat. Nimes 50: 112-115. (1964)."
"Anelaphus villosus (Fabricius, 1793)",
"Phaeophilacris townsendi Kaltenbach, 1983",
Campanula patula var. flaccida Wallr.,Wallr. In: Sched. Crit.: 85. (1822).
"Lathrobium lituarium J.L.LeConte, 1880","LeConte, J. L. Short studies of North American Coleoptera. Transactions of the American Entomological Society, 8: 163-218. (1880)."
"Poria pulchella (Schwein.) Cooke, 1886","Cooke, M.C. In: Grevillea 14(no. 72):113. (1886)."
Hyptis personata Epling,Epling. In: Repert. Spec. Nov. Regni Veg. Beih. 85: 208. (1936).
Aethionema moricandianum (Boiss.) Boiss.,
"Xylosthaphis xylosthei Amyot, 1847",Amyot. Entomologie française. Rhynchotes (Suite) (1). Annales de la Société Entomologique de France Deuxième Série 5:453-506. (1847).
"Maculiparia obtusa solimoensis Carbonell, 2002",
"Latipalpis margotana Novak, 1990","Novak G. Latipalpis (s.str.) plana berythensis n.ssp. und Latipalpis (s.str.) margotana n.sp., neu aus Ostmediterranea (Coleoptera, Buprestidae). Zeitschrift der Arbeitsgemeinschaft Österreichischer Entomologen 41(3/4):81-83. (1990)."
"Radulidium subulatum (de Hoog) Arzanlou, W.Gams & Crous, 2007","Arzanlou, M.; Groenewald, J.Z.; Gams, W.; Braun, U.; Shin, H.D.; Crous, P.W. Phylogenetic and morphotaxonomic revision of Ramichloridium and allied genera. In: Stud. Mycol. 58:89. (2007)."
Xyris tatei Malme,Malme. In: Bull. Torrey Bot. Club 58: 323. (1931).
"Geoemyda punctularia Wermuth & Mertens, 1961",
Cakile monosperma Lange,
"Pseudohumbertiella grandis (Brauer, Redtenbacher & Ganglbauer, 1889)",
Dietelia,
"Labidus coecus (Latreille, 1802)",
Carpinus hwai Hu & W.C.Cheng,"Hu & W.C.Cheng. In: Bull. Fan Mem. Inst. Biol., n.s., 1: 148. (1948)."
"Gabunia bifasciata (Cushman, 1942)","Cushman, R.A. The genotypes of some of Ashmead's genera of Ichneumon-flies. Proceedings of the United States National Museum. 92(3150):277-289. (1942)."
"Aquattuor fasciatus (Attems, 1896)",
"Polyarthron bienerti Hauser, 1894","HAUSER Friedrich. Beitrag zur Coleopteren-Fauna von Transcaspien und Turkestan. Zusammengestellt unter Mitwirkung der Herren Dr. Eppelsheim, Escherich, Faust, Dr. Von Heyden, Kuwert, Reitter und Weise. Deutsche Entomologische Zeitschrift, Berlin 1894 (1): 17-74, pl. I, figs 1, 1a. (1894)."
Pycnoporellus,
"Calyptella episphaeria Quél., 1888","Quélet, L. In: Fl. mycol. France (Paris):27. (1888)."
"Clisosporium agaves (Durieu & Mont.) Kuntze, 1898","Kuntze, C.E.O. In: Revis. gen. pl. (Leipzig) 3(2):458. (1898)."
Hermione multiflora var. aurea Haw.,Haw. In: Suppl. Pl. Succ.: 146. (1819).
Crataegus spectabilis Salisb.,Salisb. In: Prod. 357. (1796).
Parmelia lacera (Sm.) Ach.,Ach. In: Method. Lich. p. 225. (1803).
Pyrola rotundifolia var. americana (Sweet) Fern.,Fern. In: Rhodora 22: 122. (1920).
"Calathusa dubia Wileman, 1916",
"Paryphoconus sonorensis Wirth & Ratanaworabhan, 1972",
Aralia spinifolia Merr.,Merr. In: Philipp. J. Sci. 15: 249. (1919).
"Evaniella polita (Schletterer, 1889)",
"Amara brunneofemorata Letzner, 1852",
"Lentinellus singeri E.Horak, 1980","Horak, E. Fungi, Basidiomycetes. Agaricales y Gasteromycetes secotioides. In: Fl. criptog. Tierra del Fuego (Buenos Aires) 11(6):123. (1980)."
"Cryptoplax hartmeyeri Thiele, 1911",
"Aleochara nigerrima Kraatz, 1856","Kraatz, G. Naturgeschichte der Insekten Deutschlands, Abteilung 1, Coleoptera, vol. 2, Staphylinii. Lief. 1-2, pp. i-vii, 1-376. Nicolaische Buchhandlung, Berlin. (1856)."
Phalangium glaucum (Ruiz & Pav.) Poir.,"J.B.A.M.de Lamarck. In: Encycl., Suppl. 4: 384. (1816)."
"Samythella bathycola Uschakov, 1950",
"Mecosarthron domingoensis Chemsak, Linsley & Noguera, 1992","CHEMSAK J. A., LINSLEY E. G. & NOGUERA F. A. II. Los Cerambycidae y Disteniidae de Norteamérica, Centroamérica y las Indias Occidentales (Coleoptera). Instituto de Biología, Universidad Nacional Autónoma de México. Listados Faunísticos de México 1992: 1-204. (1992)."
"Basidissus incilis R.Frieser, 2000","Frieser, R. Einige neue Anthribiden von Madagaskar und der Île de la Réunion (Coleoptera: Anthribidae). Acta coleopterologica, 16(1): 35-51. (2000)."
Callipeltis,
Aprivesa,
Neomachaerotypus,
"Dyscolus (Dyscolus) callanga Perrault, 1992",
"Ellabella melanoclista Meyrick, 1927",
"Methia pusilla Gilmour, 1968","GILMOUR E. Forrest. The Coleoptera Cerambycidae of Curaçao, Bonaire and Aruba. Studies on the Fauna of Curaçao & other Caribbean Islands, La Hague 25 (100): 83-178, 10 pls. (1968)."
"Alcidion furciferum Lameere, 1883","LAMEERE Auguste Alfred Lucien. Liste des Cérambycides décrits postérieurement au catalogue de Munich. Annales de la Société Entomologique de Belgique, Bruxelles [1882] 26: 1-78. (1883)."
"Velia (Plesiovelia) hoberlandti Tamanini, 1951","Tamanini, Livio. 3o contributo allo studio del genere Velia Latr. (Hemipt.-Heteropt., Veliidae). Acta Entomologica Musei Nationalis Pragae, vol. 26. (1951)."
Rorippa microsperma (DC.) L.H.Bailey,
Propefusus,
"Toxotus caeruleipennis galloisi Ohbayashi, 1961","OHBAYASHI Kazuo. New Cerambycidae from Japan. (6). The Entomological Review of Japan 13 (1): 16-20, 2 figs, pl. 4. (1961)."
"Vertigo baudoni Michaud, 1862","Michaud, G. Description des Coquilles fossiles des environs de Hauterive (Drôme). Journal de Conchyliologie. 10, 58-84. (1862)."
"Cerambix annulatus Olivier, 1795","OLIVIER Guillaume-Antoine. Entomologie ou Histoire Naturelle des Insectes, avec leurs caractères génériques et spécifiques, leur description, leur synonymie et leur figure enluminée. Coléoptères. Imprimerie de Lanneau, Paris 4: 1-519, 75 pls. (1795)."
Gironniera costata Miq.,Miq. In: Zoll. Syst. Verz. Ind. Archip. 88. (1854).
"Poria sartoryi Bourdot & L.Maire, 1921","Bourdot & L. Maire. In: Assoc. Franç. Avancem. Sci., Congr.:619. (1921)."
"Macrodactylus luridipennis Burmeister, 1855",
Cosmetopus,
Avena sterilis var. parallela Hausskn.,Hausskn. In: Mitth. Thüring. Bot. Vereins 3: 240. (1884).
"Phocides zancleius Bell, 1934",
Sideroxylon foxworthyi Elmer,Elmer. In: Leafl. Philipp. Bot. 5: 1836. (1913).
"Peziza verrucaria Alb. & Schwein., 1805",Alb. & Schwein. In: Consp. fung. (Leipzig):340. (1805).
"Labia fulleri Ramamurthi, 1964",Ramamurthi. Ann Mag nat Hist 13(6):647. (1964).
Potamogeton heterophyllus f. myriophyllus (J.W.Robbins) Morong,Morong. In: Mem. Torrey Bot. Club 3: 24. (1893).
Elcismia parva (T.Kirk) B.L.Rob.,B. L. Rob. In: Proc. Amer. Acad. 49: 513. (1913).
"Napaeus delicatus Alonso, Yanes & Ibáñez, 2011",
"Olenikites bombus Tozer, 1994",E. T. Tozer. Canadian Triassic Ammonoid Faunas. Geological Survey of Canada Bulletin: 1--663. (1994).
"Eriphia verrucosa (Forskål, 1775)",
"Lachnothorax anthracinus (Liebke, 1938)",
"Bathydomus obtectus Thiele, 1912",
Cerastium formosanum (Ohwi) Ohwi,"Ohwi. In: Fedde, Repert. 36: 47. (1934)."
Ceratorhiza,
"Hammoderes suzukii Shiraki, 1913",SHIRAKI T. Special Bulletin of Agricultural Experiment Station of Formosa 8: 610. (1913).
"Trigonia sulcata Agassiz, 1840",
"Hemicyclops cylindraceus (Pelseneer, 1929)",
"Stylochus tenax Palombi, 1936",
Dendrocaffrus,
Erythranthe inflatula (Suksd.) G.L.Nesom,G. L. Nesom. In: Phytoneuron 2012-39: 38. (2012).
Conophytum tantillum amicorum S.A.Hammer & C.Barnhill,
"Sphaeria michotii Westend., 1859","Westendorp, G.D. In: Bull. Acad. R. Sci. Belg., Cl. Sci., sér. 2 7(5):87. (1859)."
"Gasterosteus argentatissimus Blanchard, 1866",
"Kleptochthonius (Chamberlinochthonius) rex Malcolm & Chamberlin, 1961",
"Singilis nigrocruciatus (Mateu, 1979)",
"Pteroidichthys godfreyi (Whitley, 1954)",
"Distostylus irwini Webb, 2003",
Nelitris jambosella Gaertn.,Gaertn. In: Fruct. Sem. Pl. 1: 134. (1788).
Dyssodia squamosa A.Gray,A. Gray. In: Proc. Am. Acad. 19: 38. (1883).
"Lypha fumator (Reinhard, 1962)",
"Exmacrocyrtus hieroglyphicus W.Schultze, 1924",
"Liothrips (Liothrips) gynopogoni Priesner, 1968",Priesner H. On the genera allied to Liothrips of the Oriental fauna II (Insecta-Thysanoptera). Treubia 27: 175–285. (1968).
Tropidocarpum,
"Heliconius primularis eleuchia Hewitson, 1854",
Pyxine cocoës (Sw.) Nyl.,Nyl. in Nylander. In: Mém. Soc. Sci. Nat. Cherbourg Vol.: 5 p. 108. (1857).
"Hieracium bruchense Mateo, Egido & Gomiz","Mateo, Egido & Gomiz. In: Fl. Montiberica 70: 124. (2018)."
Urtica bianorii (Knoche) Paiva,Paiva. In: Anales Jard. Bot. Madrid 50: 130. (1992).
Paramphinome jeffreisii [auctt.],"Jirkov, I.A. [Polychaeta of the Arctic Ocean] (In Russian) Polikhety severnogo Ledovitogo Okeana. (2001)."
"Eupatagus (Plagiobrissus) herrerae Sánchez Roig, 1951",
Cathartolinum sulcatum (Riddell) Small,Small. In: N. Am. Fl. 25: 78. (1907).
"Entella (Entella) angolensis Beier, 1937",
Calamagrostis epigejos var. brachystachya E.L.Saelan ex O.Fedtsch.,E.L.Saelan ex O.Fedtsch. In: Izv. Imp. Bot. Sada Petra Velikago 14(Suppl. 2): 59. (1915).
Diospyros latifolia Gürke,Gürke. In: Bot. Jahrb. Syst. 26: 63. (1898).
Euphorbia bessarabica Klokov,Klokov. In: Fl. RSS Ucr. 7: 629. (1955).
"Boletus citrinus J.J.Planer, 1788","Planer, J.J. In: Ind. Pl. erfurt.:26. (1788)."
"Agrypon tamahonum Uchida, 1928","Uchida, T. Zweiter Beitrag zur Ichneumoniden-Fauna Japans. Journal of the Faculty of Agriculture, Hokkaido University. 21:177-297. (1928)."
"Premnobius corthyloides Eggers, 1920",
"Cortinarius amarescens M.M.Moser, 1952","Moser, M.M. In: Sydowia 6(1-4):68. (1952)."
"Glypholoma pecki Thayer & Newton, 1979","Thayer, M. K. & A. F. Newton, Jr. Revision of the south temperate genus Glypholoma Jeannel, with four new species (Coleoptera: Staphylinidae: Omaliinae). Psyche, 85 (1): 25-63. (1979)."
Ptilocalais nutans (Hook.) Greene,Greene. In: Bull. Calif. Akad. 2: 5: 54. (1886).
"Dichagyris euteles Boursin, 1963",
"Australerythrops paradicei W.M.Tattersall, 1928",
"Drycothaea angustifrons (Breuning, 1943)",
Gynura aurantiaca Benth.,Benth. In: Hook. Niger Fl. 437. (1849).
Vallisneria erecta S.W.L.Jacobs,S.W.L.Jacobs. In: Syst. Bot. 33: 62. (2008).
Isopogon spathulatus var. linearis R.Br.,R. Br. In: Suppl. Prodr. Fl. Nov. Holl. 9. (1830).
"Phyllium gorgon G.R.Gray, 1835",
Poecilocryptus,
"Megachile emexae (King, 1994)",
Microcoelia,
"Opomala syriaca F.Walker, 1871",
Zeoliarus,
"Dorytomus infirmus Desbr.d.Loges, 1907",
Vernonia conferta Sch.Bip. ex Baker,Baker. In: Mart. Fl. Bras. 6(2): 124. (1873).
"Cyphagogus thoracicus Kleine, 1933",
Felicia hyssopifolia glabra (DC.) Grau,
Asplenium adiantifrons (Hayata) Ching,Ching. In: Acta Phytotax. Sin. 10: 187. (1965).
"Crella (Grayella) beglingerae van Soest, 2009",
Liatris marginata Cass.,Cass. In: Dict. Sci. Nat. 26: 236. (1823).
Wrangeliaceae,
"Pennella benzi Hogans, 2017",
"Atheta besucheti G.Benick, 1983","Benick, G. Neue Atheten (Coleoptera, Staphylinidae) aus der Schweiz und Frankreich. Revue Suisse de Zoologie, 90 (3): 623-628. (1983)."
"Stigmodera arida Barker, 1987",
"Trachelius laticeps Ehrenberg, 1840",
"Peryphus lindbergi Schuler, 1959",
"Antistreptus contrarius (Thiele, 1912)",
"Aecidium mangaranga Henn., 1903","Hennings, P.C. In: Kunene-Sambesi-Exped., H. Baum, 1903 (Berlin):163. (1903)."
"Mesostoma splendida Graff, 1882",
"Aphodius ferrugineus Schilsky, 1888",
Xanthoparmelia shebaiensis T.H.Nash & Elix,T. H. Nash & Elix. In: Mycotaxon Vol.: 29 p. 471. (1987).
"Pecten patagonicus P.P.King, 1832","King, P. P. Description of the Cirrhipeda, Conchifera and Mollusca, in a collection formed by the officers of H.M.S. Adventure and Beagle employed between the years 1826 and 1830 in surveying the southern coasts of South America, including the Straits of Magalhaens a. i>Zoological Journal, see Coan, Petit & Zelaya, 2011, The Nautilus</i. 5(125): 332-349. (1832)."
Terminalia glabrata var. koariki,
Carex turgescens Dewey,"Dewey. In: Amer. J. Sci. Arts, ser. 2, 3: 356. (1847)."
Dahliphora,
"Psilocistella quercina (Velen.) Svrček, 1977","Svr?ek, M. In: ?eská Mykol. 31(4):197. (1977)."
"Epicypta pilosistyla Matile, 1979",
"Zephronia tricollis (Karsch, 1881)",
Sphaeropsis,
"Ephysteris fuscocrossa Janse, 1960",
"Bothropolys montanus Verhoeff, 1938",Verhoeff K.W. Über einige ostasiatische Lithobiiden. Zoologischer Anzeiger . 123: 99-105. (1938).
"Mayetia galiberti Lavagne, 1916","Lavagne, H. Description d'un Mayetia nouveau (Col. Staphylinidae). Bulletin de la Société Entomologique de France, 1916: 100-102. (1916)."
"Cortinarius mendax var. anomaloides (Rob.Henry) Bidaud & Reumaux, 2011","Bidaud, A. Cortinaires rares ou nouveaux de la region Rho<circumflex>ne-Alpes (France). In: Journal des JEC, Journées Européenes du Cortinaire 14(no. 13):19. (2011)."
"Leucoagaricus viridiflavus (Petch) T.K.A.Kumar & Manim., 2009","Kumar, T.K.A.; Manimohan, P. The genera Leucoagaricus and Leucocoprinus (Agaricales, Basidiomycota) in Kerala state, India. In: Mycotaxon 108:399. (2009)."
"Cadlina kerguelensis Thiele, 1912",
Rhynchospora scalaris L.B.Sm.,L.B.Sm. In: Phytologia 1: 82. (1934).
"Helix massiei Morlet, 1891","Morlet, L. Diagnoses Molluscorum novorum, in Indo-Chinâ collectorum. Journal de Conchyliologie. 39: 25-28. (1891)."
"Perichaena corticalis var. liceoides (Rostaf.) G.Lister, 1911","Lister. Monogr. mycetozoa, ed. 2 251. (1911)."
"Polydesmus instrianus Attems, 1926",
"Exomias interpositus siliciensis (Fremuth, 1971)",
"Lanistes nsungwensis Epa, Stigall, Roberts, O'Brien & Stevens, 2018",
"Obelia andersoni Hincks, 1887","Hincks, T. On the Polyzoa and Hydroida of the Mergui Archipelago collected for the Trustees of the Indian Museum, Calcutta, by Dr. J. Anderson, F.R.S., Superintendent of the Museum. - Journal of the Linnean Society London, Zoology 21: 132-135, pl. 12. (1887)."
Macrosemia juno,"Lee, Y.J. Cicadas (Hemiptera: Cicadidae) of Laos, with the description of four new genera and two new species. Annales de la Societe Entomologique de France. Paris. 50(1): 59-81. (2014)."
Croton dioicus Sessé & Moc.,"Sessé & Moc. In: Fl. Mexic., ed. 2: 222. (1894)."
"Pogonochaerus parvulus Gemminger & Harold, 1873",GEMMINGER Max & von HAROLD Edgar. Catalogus coleopterorum hucusque descriptorum synonymicus et systematicus. Munich 10: 2989-3232 & index. (1873).
"Napaeus tafadaensis Yanes, 2009",
Helichrysum gnaphaloides Kunth,Kunth. In: Nov. Gen. et Sp. 4: 87. (1820).
"Leptoiulus simplex abietum Verhoeff, 1914",
"Mycerinopsis borneotica (Breuning, 1939)",
"Taslopa montana Evans, 1942",
Kadalia rotundifolia Rafin.,Rafin. In: Sylva Tellur. 101. (1838).
Comanthera caespitosa (Wikstr.) L.R.Parra & Giul.,L.R.Parra & Giul. In: Taxon 59: 1143. (2010).
"Rhopalicus magdalis (Ratzeburg, 1848)","Kurdjumov, N.V. Notes on Pteromalidae (Hymenoptera, Chalcidoidea). JOURBOOK: Russkoe Entomologicheskoe Obozrenie VOLUME: 13(1) PAGES: 1-24, 2 figs. (1913)."
Coniogramme taiwanensis Ching,Ching. In: Acta Bot. Yunnan. 3(2): 236. (1981).
"Macrotermes subhyalinus (Rambur, 1842)",
"Paramonova burrijunana Kelsey, 1987",
Flabellicytherois,
"Eucamptodontopsis mcphersonii M.J.Price, 2002",M. J. Price. J. Bryol. (2002).
"Tachyagetes saharojudaeus Wolf, 1982","Wolf, H. Zur Kenntnis der Gattung Tachyagetes Haupt, 1930 (Hym. Pom.). Entomofauna 3 (13): 177-205. (1982)."
"Anthrax busonicus Francois, 1960",
"Neophrissospongia radjae Pisera & Vacelet, 2011",
"Megastethodon australis (Butler, 1874)","Lallemand V. Homoptera Fam. Cercopidae. Genera Insectorum. Diriges par P. Wytsman. Bruxelles, 143: 1-167. (1912)."
"Derovatellus orientalis Wehncke, 1883",
"Pyramidella octaviana (Di Geronimo, 1973)","Anon. Gastropoda Heterobranchia Heterostropha, in: Revisione della Checklist della fauna marina italiana. (2006)."
"Penicillium xinjiangense A.J.Chen, B.D.Sun & W.W.Gao, 2013","Chen, A.J.; Tang, D.; Zhou, Y.Q.; Sun, B.D.; Li, X.J.; Wang, L.Z.; Gao, W.W. Identification of ochratoxin A-producing fungi associated with fresh and dry liquorice. In: PLoS ONE 8(10):e78285, 5. (2013)."
Hieracium randense Omang,"Omang. In: Ark. Bot., Stockh., andra ser. 1: 212. (1949)."
"Ellychnia hatchi Fender, 1962",
"Sophronica olivacea Báguena & Breuning, 1958",
Phyllocaecilius,
"Apristurus longicephalus Nakaya, 1975",
"Homilia pallida Navas, 1930",
Laelia albida var. sulphurea Rchb.f.,"Rchb.f. In: Gard. Chron., n.s., 21: 76. (1884)."
"Rhodobaca bogoriensis Milford et al., 2001",
"Terpnosia majuscule Pham & Yang, 2010","Pham, H.T., Yang, J.T. Biodiversity of Vietnamese cicadas (Hemiptera: Cicadidae). Thirteenth International Auchenorrhyncha Congress and the 7th. International Workshop on Leafhoppers and Planthoppers of Economic Significance, 28 June-2 July, Vaison-la-Romaine, France, Abstracts: Talks and Posters: 133?134. (2010)."
"Swezeyia vitiensis (Kirkaldy, 1906)",
Aneilema acutifolium Lauterb. & K.Schum.,Lauterb. & K.Schum. In: Fl. Schutzgeb. Südsee: 217. (1900).
Didymochora,
Chrysoglossum simplex (Rchb.f.) J.J.Sm.,J.J.Sm. In: Orch. Java: 177. (1905).
"Melanopsamma nitida Kirschst., 1907","Kirschstein, W. In: Verh. bot. Ver. Prov. Brandenb. 48:50. (1907)."
"Scalopus aquaticus anastasae Bangs, 1898",
"Brachinus tormentarius LeConte, 1846","LECONTE, John Lawrence. A descriptive catalogue of the geodephagous Coleoptera inhabiting the United States east of the Rocky Mountains [1st part]. -. ""Annals of the Lyceum of Natural History of New York, 4 [1846-1848]: 173-354 [= 173-254]. (<a href = ""https://biodiversitylibrary.org/page/33700009"" target =""_blank"">See BHL)"". (1846)."
"Argyrodes parcestellatus Simon, 1909","Simon, E. Etude sur les arachnides du Tonkin (1re partie). Bulletin Scientifique de la France et de la Belgique 42: 69-147. (1909)."
Elymus hispidus var. ruthenicus (Griseb.) Dorn,Dorn. In: Vasc. Pl. Wyoming: 298. (1988).
"Polyxenus lophurus Menge, 1854",
"Parabrachiella triglae (Claus, 1860)",
"Tachys nympha (Erwin, 1984)",
"Euparius albiceps Jordan, 1904",
Veloxidium,
Muhlenbergia andina (Nutt.) Hitchc.,Hitchc. In: Bull. U.S.D.A. 772: 14. (1920).
"Apiodera transparens Motschulsky, 1864","MOTSCHULSKY, T. Victor Ivanovich de. Enumération des nouvelles espèces de coléoptères rapportés de ses voyages. 4ème article (suite). -. ""Bulletin de la Société Impériale des Naturalistes de Moscou, 37 (3): 171-240. (Moscow). (<a href = ""https://biodiversitylibrary.org/page/44334154"" target =""_blank"">See BHL)"". (1864)."
"Ophistomis hirsutus Bates, 1885","BATES Henry Walter. Supplement to Longicornia. Biologia Centrali-Americana, Insecta, Coleoptera 5: 249-436, pls. XVII-XXIV. (1885)."
"Peromyia autumnalis Jaschhof, 2001",
"Popillia bruersi Limbourg, 2008","Limbourg P. Description de huit nouvelles espèces afrotropicale de Popillia Serville, 1825. Bulletin de la Société Royale Belge d'Entomologie 144:43-56. (2008)."
Mariscus biglumis Gaertn.,Gaertn. In: Fruct. Sem. Pl. 1: 12. (1788).
"Ocladius costicollis Boheman, 1838",
Aristolochia acuminata Lam.,Lam. In: Encycl. 1: 254. (1783).
"Chromatomyia paraciliata Godfray, 1985",
Chionanthus amblirrhinus P.S.Green,P.S.Green. In: Kew Bull. 51: 765. (1996).
"Tetraodon turgidus (Kottelat, 2000)",
"Tetraopes tetraophthalmus Mason, 1964",MASON Larry G. Geographic and temporal variation in natural populations of Tetraopes tetraophthalmus. Systematic Zoology 13: 161-181. (1964).
Rotala juniperina A.Fernandes,"A. Fernandes. In: Bol. Soc. Brot., 48: 126 1974. (1975)."
"Eurypoda (Eurypoda) unicolor tsushimana Kusama & Takakuwa, 1984","KUSAMA Keiichi & TAKAKUWA Masatoshi. The Longicorn Beetles of Japan in Color. Japanese Society of Coleopterology, Kôdansha, Tokyo 1-565, pls 1-95. (1984)."
"Gastrocopta pediculus ovatula Möllendorff, 1890","Pokryszko, B. The Gastrocoptinae of Australia (Gastropoda : Pulmonata : Pupilloidae): Systematics, distribution and origin. Invertebrate Systematics. 10(5): 1085-1090. (1996)."
Eranthemum breviflos C.B.Cl.,C. B. Cl. In: Journ. As Soc. Beng. 74: II. 676. (1908).
"Phryxe edwardsella Robineau-Desvoidy, 1863",
"Dorytomus aurivillii Münster, 1928",
Cuscuta bicolor A.T.Hunziker,A. T. Hunziker. In: Rev. Argentina. Agron. 11: 71. (1944).
"Shaoshia zhangi Wei, Ahmed & Rizvi, 2010",
Senecio lanceolatus Torr. & A.Gray,Torr. & A. Gray. In: Fl. N. Am. 2: 440. (1843).
"Acerentulus ochsenchausenus Rusek, 1988",
"Curculio suecicus Gmelin, 1790",
"Lepturges signatus Brimley, 1938","BRIMLEY C. S. The insects of North Carolina, Being a List of the Insects of North Carolina and Their Close Relatives. Raleigh. North Carolina Department of Agriculture, Division Entomology 560 pp. (1938)."
"Syllis (Typosyllis) safrieli Ben-Eliahu, 1977","Ben-Eliahu, M. Nechama. Polychaete cryptofauna from rims of similar intertidal vermetid reefs on the Mediterranean coast of Israel and in the Gulf of Elat: Syllinae and Eusyllinae (Polychaeta Errantia: Syllidae). Israel Journal of Zoology. 26: 1-58. (1977)."
Haloguignardia,
"Valsa jaapiana Kirschst., 1922","Jaap, O. In: Verh. bot. Ver. Prov. Brandenb. 64:26. (1922)."
Gesneria cuneifolia (DC.) Fritsch,
"Litotropis marmorinus Wolfrum, 1961",
"Bairdia serrata Mueller, 1894",
Arctium calocephalum (Jaub. & Spach) Kuntze,Kuntze. In: Rev. Gen. 307. (1891).
"Neosalanx argentea (Lin, 1932)",
"Calonectria hendrickxii (Hansf.) Rossman, 1977","Rossman, A.Y. In: Mycologia 69(2):364. (1977)."
"Aneboconcha obscura Cooper, 1973",
"Arcyria versicolor W.Phillips, 1877",W.Phillips. Grevillea 5:115. (1877).
Crambe sinuato-dentata Hochst. ex F.Petri,"Hochstetter, C.F.F. ex Petri, F. In: Schweinfurth, G.A. Beitr. Fl. Aethiop.: 238. (1867)."
"Achenium (Achenium) schatzmayri C.Koch, 1937","Koch, C. Beitrag zur Systematik und geographischen Verbreitung der Achenium-Arten (Col. Staph.). ""Pùbblicazioni del Museo Entomologico ""Pietro Rossi"", Duino, 2: 51-187."". (1937)."
"Agrilus humboldti Obenberger, 1933",Obenberger J. Agrilus-Studien II. Wiener Entomologische Zeitung 50:6-24. (1933).
Dichelachne rigida Steud.,Steud. In: Syn. Pl. Glumac. 1: 120. (1854).
"Psychrobacter cibarius Jung et al., 2005",
"Pentastichus xanthopus Ashmead, 1894","LaSalle, J.; Schauff, M.E. Preliminary studies on neotropical Eulophidae (Hymenoptera: Chalcidoidea): Ashmead, Cameron, Howard and Walker species. JOURBOOK: Contributions of the American Entomological Institute VOLUME: 27(1) PAGES: 47pp. (1992)."
Clausena calciphila B.C.Stone,"B. C. Stone. In: Fed. Mus. J. (Kuala Lumpur), 23: 111. (1978)."
Acrostichum semicordatum (Moore) Bak.,Bak. In: Syn. 422. (1868).
"Orthomus (Orthomus) velocissimus akbensis Mateu, 1955",
"Chariodema xylina Blanchard, 1850","Blanchard E. Catalogue des collections Entomologiques du Muséum d'Histoire naturelle de Paris. Classe des Insectes, Ordre des Coléoptères I. Milne-Edwards H, Blanchard E. et Lucas H. (Editors) Gide et Baudry. Paris (1850)1-128 (1851)129-240. (1850)."
"Mabuya mabouia Barbour, 1935",
"Conus (Klemaeconus) klemae (Cotton, 1953)","Puillandre N., Duda T.F., Meyer C., Olivera B.M. & Bouchet P. One, four or 100 genera? A new classification of the cone snails. Journal of Molluscan Studies. 81: 1-23. (2015)."
"Typhlocyptus atomus Rey, 1882","Rey, C. Tribu des brévipennes. Treizième famille: Habrocériens. Quatorzième famille: Tachyporiens. Annales de la Société Linnéenne de Lyon, (N.S.) 28: 135-308. (1882)."
"Mecas (Mecas) cirrosa Monné & Giesbert, 1994","MONNÉ Miguel Ángel & GIESBERT Edmund F. Checklist of the Cerambycidae and Disteniidae (Coleoptera) of the Western Hemisphere. Wolfsgarden Books. Burbank, California : i-xiv + 1-410. ISBN 1-885850-00-X. (1994)."
"Termidonia laminata Motschulsky, 1860","Motschulsky, V. Entomologie spéciale: Insectes des Indes orientales, et de contrées analogues. 2:de Série. Études Entomologiques, 8: 25-118. (1860)."
"Didymella bellidis (Neerg.) Q.Chen & L.Cai, 2015","Chen, Jiang, Zhang, Cai & Crous. In: Stud. Mycol. 82:174. (2015)."
"Platydactylus planus F.Walker, 1869",
Eucalyptus moluccana Roxb.,"Roxb. In: Hort. Beng. [92] (1814) nom. nud., Fl. Ind. 2: 498. (1832)."
Dioscorea angusta R.Knuth,"H.G.A.Engler (ed.). In: Pflanzenr., IV, 43: 288. (1924)."
"Planococcus mali Ezzat & McConnell, 1956",
"Chironomus glaucurus Wiedemann, 1828",
Acer ambiguum Dippel,Dippel. In: Handb. Laubholzk. 2: (1892).
Caprifolium asperifolium (Decne.) Kuntze,Kuntze. In: Rev. Gen. 274. (1891).
"Nassarius labiosus (J.de C.Sowerby, 1824)",
"Hylaeus melanosoma (Cockerell, 1920)",
"Coccomyces canarii Rehm, 1913","Rehm, H.S.L.F.F. In: Philipp. J. Sci., C, Bot. 8(5):403. (1913)."
"Troctopsoculus orientalis Lienhard, 1990",
"Myrsidea fusca (Carriker Jr., 1903)",
"Waipoua gressitti (Forster, 1964)","Forster, R. R. The Araneae and Opiliones of the subantarctic islands of New Zealand. Pacific Insects Monographs 7: 58-115. (1964)."
"Aleurodicus ornatus Cockerell, 1893",
"Erythrolychnia marcanoi Kazantsev & Perez-Gelabert, 2009","Kazantsev, Sergey V., and Daniel E. Perez-Gelabert. Fireflies of Hispaniola (Coleoptera: Lampyridae). Russian Entomological Journal, vol. 17, no. 4. (2009)."
Betula pendula var. dalecarlica (L.f.) L.H.Bailey,L.H.Bailey. In: Stand. Cycl. Hort. 1: 408. (1927).
Cucurbita lignosa Mill.,Mill. In: Gard. Dict. ed. VIII. n. 5. (1768).
"Larus armenicus Buturlin, 1934",
Elaphoglossum lalitae L.D.Gómez,L. D. Gómez. In: Phytologia 60: 74. (1986).
"Stelletta tuberculata (Carter, 1886)",
"Tomaspis pubescens (Fabricius, 1803)",
"Eristalis involvens Walker, 1860",
"Aithaloderma setosum (Zimm.) Boedijn, 1931","Boedijn, K.B. In: Bull. Jard. bot. Buitenz, 3 Sér. 11(2):227. (1931)."
"Spilopteron longiareolatum Wang, 1988","Wang, S.F. [Studies on the genus Spilopteron Townes of China (Ichneumonidae: Acaenitinae).] (in Chinese with English summary). Acta Zootaxonomica Sinica. 13(3):299-304. (1988)."
Palma chilensis Molina,Molina. In: Geogr. Nat. Hist. Chile: 124. (1808).
"Chthonius (Ephippiochthonius) anophthalmus Ellingsen, 1908",
"Phrynocephalus hongyuanensis Wang & Jiang, 1992",
Gentianella moorcroftiana var. falconeri (C.B.Cl.) U.C.Bhattacharyya & Sunita Agrawal,
Allophylus nigericus E.G.Baker,"E. G. Baker. In: Journ. Bot., 57: 158. (1919)."
"Anticlimax decorata Rolán, Fernández-Garcés & Rubio, 1997",
"Sphenophorus fallax Boheman, 1845",
"Calyciphora albodactylus (Fabricius, 1794)",
Elatostema sesquifolium (Reinw. ex Bl.) Hassk.,Hassk. In: Cat. Hort. Bot. Bogor. 79. (1844).
"Geoglossum capitatum Schmidel, 1793","Schmidel, C.C. In: Icon. pl., Ed. Palm (Man. III):92, tab. 25:11-12. (1793)."
"Fistularia starksi Jordan & Seale, 1905",
"Aglaophenia bicornuta Nutting, 1900",
Malanea macrophylla var. megalantha (Wernham) Steyerm.,Steyerm. In: Mem. New York Bot. Gard. 12: 250. (1965).
Guapeba glomerata (Miq.) Pierre,Pierre. In: Notes Bot. Sapot.: 43. (1891).
"Colerus fascicularis M.Hansen, 1999","Hansen, M. Fifteen new genera of Hydrophilidae (Coleoptera), with remarks on the generic classification of the family. Entomologica Scandinavica, 30: 121-172. (1999)."
"Dnopherula (Aulacobothrus) jaganathi Bhowmik, 1986",
Clematis vitalba var. integrata DC.,DC. In: De Candolle] 1: 139. (1817).
"Hoplia aureola var. flavicollis Reitter, 1903",
"Leucopholis guevarai Calcetas & Adorada, 2017","Calcetas O.A. & Adorada J.R. Taxonomic review of the genus Leucopholis Dejean, 1833 in the Philippines. Zootaxa 4232(1):085-103. (2017)."
"Helophorus brevipilis Guillebeau, 1893","Guillebeau, F. [Descriptions de quelques espèces inédites de Coléoptères d'Algérie]. Bulletin de la Société Entomologique de France, 1893: xxxiv-xxxvii. (1893)."
Clethra lineata H.Lév.,H.Lév. In: Repert. Spec. Nov. Regni Veg. 12: 534. (1913).
"Loliolus rhomboidalis Burgess, 1967",Sweeney M.J. & Vecchione M. Generic and specific names introduced in the squid family Loliginidae. (1998).
Brickellia lanata (DC.) A.Gray,A. Gray. In: Pl. Wright. 1. 84. (1850).
Tydemanella,
"Melampsora caballeroi Unamuno, 1942","Unamuno Yrigoyen, L.M. In: An. Jard. bot. Madr. 2:27. (1942)."
"Anachis milium (Dall, 1916)",
"Lima oblonga S.V.Wood, 1839","Huber, M. Compendium of bivalves. A full-color guide to 3,300 of the world's marine bivalves. A status on Bivalvia after 250 years of research. Hackenheim: ConchBooks. 901 pp., 1 CD-ROM. (2010)."
"Nephalius amictus Aurivillius, 1912","AURIVILLIUS Christopher. Cerambycidae : Cerambycinae. Coleopterorum Catalogus pars 39 [vol. 22]: 1-574. W. Junk & S. Schenkling, Berlin. (1912)."
"Symphonia albioculalis Hampson, 1906",
"Exocelina bagus (Balke & Hendrich, 2001)",
"Margarita (Unio) productus (Conrad, 1836)",InvertEBase. Authority files of U.S. and Canadian land and freshwater mollusks developed for the InvertEBase project (invertebase.org). (2015).
"Sphecodes sulcatulus Cockerell, 1906",
"Bolyphantes distichus (Tanasevitch, 1986)","Tanasevitch, A. V. New and little-known species of Lepthyphantes Menge 1866 from the Soviet Union (Arachnida: Araneae: Linyphiidae). Senckenbergiana Biologica 67: 137-172. (1986)."
Sedum acre var. laconicum (Boiss. & Heldr.) Fröderstr.,
"Thomisus janinae Comellini, 1957","Comellini, A. Notes sur les Thomisidae d'Afrique. 2. - Le genre Thomisus. Revue de Zoologie et de Botanique Africaines 55(1-2): 1-32. (1957)."
Actinochaeta,
Acromastigum verticale (Steph.) E.A.Hodgs.,Hodgson EA. New Zealand hepaticae (liverworts) – VIII. A review of the New Zealand species of the genera Bazzania and Acromastigum. Transactions of the Royal Society of New Zealand 82: 7-24. (1954).
"Euxootera heinrichi Laporte, 1979",
"Tropimenelytron mirabile (Eppelsheim, 1884)","Eppelsheim, E. Diagnosen neuer Staphyliniden aus dem Caucasus und aus Lenkoran. Verhandlungen des Naturforschenden Vereines in Brünn, 22: 11-16. (1884)."
"Lanthanusa lamberti Lieftinck, 1942","Lieftinck, M. A. The dragonflies (Odonata) of New Guinea and neighbouring islands. Part VI. Results of the Third Archbold Expedition 1938-'39 and of the Le Roux Expedition 1939 to Netherlands New Guinea (I. Anisoptera). Treubia: 18 (3): 441-608, figs. 1-2, incl. pl. 23-41. (1942)."
Cyathea monticola Presl,"Presl. In: Abh. (K.) Böhm. Ges. Wiss., Math.-Naturw. Cl. V, 5: 347. (1848)."
Oriboca virus ICTV,
"Panthiades boreas (Felder & Felder, 1865)",
"Polythore boliviana McLachlan, 1878","McLachlan, R. Calopterygina collected by Mr. Buckley in Ecuador and Bolivia. Transactions of the Entomological Society of London: 1878 (1): 85-94. (1878)."
Vicia terana Losa,
"Atheta (Coprothassa) anepsia Cameron, 1920","Cameron, M. New species of Staphylinidae from Ceylon. Part II (continued). Entomologist's Monthly Magazine, 56: 49-53, 94-99. (1920)."
"Ewanella longipes Naskrecki, 1994",
"Poria lamellosa var. lamellosa Henn., 1902","Hennings, P.C. In: Bot. Jb. 33(1):35. (1902)."
Protea longicaulis Knight,Knight. In: Cult. Pl. Prot. 29. (1809).
Capparis arborea (F.Müll.) Maiden,"Maiden. In: Proc. L. Soc. N.S.W., 28: 696. (1904)."
"Agathotanais toyoshioae Kakui & Kohtsuka, 2015",
"Oliva (Miniaceoliva) pica Lamarck, 1811","Sargent, D. M.; Petuch, E. J. A new species of Oliva (Gastropoda: Olividae) from Mauritius, Mascarene Islands. Visaya. 3(5), 4-10. (2012)."
"Eulachnus pinitabulaeformis Zhang & Guangxue, 1992","Zhang, Guangxue Homoptera: Aphididae. Homoptera: Aphididae. Iconography of Forest Insects in Hunan China, Hunan Science and Technology Press. (1992)."
Elymus diversiglumis Scribn. & C.R.Ball,Scribn. & C.R.Ball. In: Bull. Div. Agrostol. U.S.D.A. 24: 48. (1901).
"Lugdunum admirandum Saidova, 1975",
"Brachylatus bigibbus Fairmaire, 1896","FAIRMAIRE Léon Marc Herminie. Matériaux pour la faune coléoptérique de la région malgache. Annales de la Société Entomologique de Belgique, Bruxelles 40 (8): 336-398. (1896)."
"Mesopsocus strongylotus (Li & Fasheng, 2002)",
"Bembidion (Bembidionetolitzkya) toledanoi toledanoi J.Schmidt, 2004",
"Littorina saxatilis var. lutea Dautzenberg & Durouchoux, 1900",Check List of European Marine Mollusca (CLEMAM).
Arrabidaea podopogon (DC.) A.H.Gentry,"A. H. Gentry. In: Rhodora, 79(819): 439. (1977)."
"Cephalocousya loebli (Pace, 1992)","Pace, R. Aleocharinae nepalesi del Museo di Ginevra. Parte VII (conclusione): Oxypodini e Aleocharini (Coleoptera, Staphylinidae). Revue Suisse de Zoologie, 99 (2): 263-342. (1992)."
Solanum megalophyllum Bitter,Bitter. In: Feddes Repert. 11: 202. (1912).
"Cacopteris sinuata S.H.Scudder, 1899",
Xiphopteris organensis (Gardn.) Copel.,Copel. In: Amer. Fern J. 42: 93. (1952).
"Kazachstania aquatica F.Y.Bai & Z.W.Wu, 2005","Wu, Z.W.; Bai, F.Y. Kazachstania aquatica sp. nov. and Kazachstania solicola sp. nov., novel ascomycetous yeast species. In: Int. J. Syst. Evol. Microbiol. 55(5):2221. (2005)."
"Asterella gaultheriae (M.A.Curtis ex G.Martin) Sacc., 1891","Saccardo, P.A. In: Syll. fung. (Abellini) 9:394. (1891)."
Ruellia poilanei Benoist,"Benoist. In: Bull. Mus. Hist. Nat. Paris, 33: 106. (1927)."
"Taeniacanthus digitatus Dojiri & Cressey, 1987",
"Parlatoria alba McKenzie, 1945",
"Necyria zaneta Hewitson, 1875",
"Pentaceros aculeatus Gray, 1840","Gray, J. E. XXXII. A synopsis of the genera and species of the class Hypostoma (Asterias, Linnaeus). Annals of the Magazine of Natural History. 6: 275-290. (1840)."
Acmella grandiflora (Turcz.) R.K.Jansen,R. K. Jansen. In: Syst. Acmella (Asterac.-Heliantheae) (Syst. Bot. Monog. 8): 75. (1985).
Adiantum patens var. oatesii (Bak.) Ballard,Ballard. In: Kew Bull. 1940: 30. (1940).
"Amygdalum newcombi (Dall, Bartsch & Rehder, 1938)",
Asplenium pachysorum f. simplex C.Chr.,"C. Chr. In: Arch. Bot., Bull. Mens. 2(12): 211. (1928)."
"Mitromorpha fischeri (Hervier, 1900)",
"Scydmoraphes rhodensis (Franz, 1966)","Franz, H. Zur Kenntnis der Scydmaenidenfauna der Insel Rhodos und des benachbarten anatolischen Küstengebietes (Coleoptera). Eos: Revista Española de Entomologia, 41 (4): 563-571. (1966)."
"Clytus robiniae Chambers, 1880",CHAMBERS Victor Toucey. Insects injurying the black locust (Robinia pseudoacacia). The American Entomologist 3 (n. s.) 1: 59-61. (1880).
"Amphioplus lucidus Koehler, 1922","Koehler, R. Ophiurans of the Philippine Seas and adjacent waters. Smithsonian Institution United States National Museum Bulletin. 100(5): 1-486. (1922)."
"Harpalus coeruleus Schilsky, 1888",
"Rhaphitropis acutedentatus R.Frieser, 1987","Frieser, R. Die von J. Klapperich auf Sumatra gesammelten Anthribidae (I.). Acta coleopterologica, 3(1): 21-32. (1987)."
Carpinus dayongiana K.W.Liu & Q.Z.Lin,"K.W.Liu & Q.Z.Lin. In: Bull. Bot. Res., Harbin 6(2): 143. (1986)."
Pilosocereus,
Myriophyllum spicatum var. muricatum Maximovicz,
"Kalotermes (Glyptotermes) marlatti Snyder, 1926",
"Caulospongia biflabellata Fromont, 1998",
"Achrioptera magnifica Hennemann & Conle, 2004",
Stapelia flavopurpurea Marloth,Marloth. In: Trans. S. Afr. Phil. Soc. 18: 48. (1909).
Pinoritus,
"Apamauta lineolata Thomson, 1868",
"Lebias lineatopunctata Wagner, 1828",
"Eburia falli Hovore, 1988","HOVORE Franklin Thomas. Additions to the cerambycid beetle fauna of Baja California, Mexico: records and descriptions (Coleoptera, Cerambycidae). The Wasmann Journal of Biology, San Francisco 46 (1-2): 1-29, 4 figs. (1988)."
"Aethomerus cretatus Gilmour, 1965",GILMOUR E. Forrest. Catalogue des Lamiaires du Monde (Col. Céramb.). Verlag des Museums G. Frey Tutzing bei München 8: 559-655. (1965).
Tetractenion,
"Platyzosteria (Melanozosteria) occidentalis Mackerras, 1968",Mackerras. Australian Blattidae (Blattodea). VIII. The Platyzosteria group; subgenus Melanozosteria Stål. Australian Journal of Zoology 16:237-331. (1968).
"Araptus celatus Wood, 2007",
"Bostrichus ratzeburgi Kolenati, 1846",
Polycarena glutinosa (Schltr.) Levyns,"Levyns. In: Journ. S. Afr. Bot., 5: 37. (1939)."
Baeckea crenatifolia F.Müll.,F. Müll. In: Fragm. 4: 70. (1864).
"Glenea lumulumuensis Fisher, 1935","FISHER Warren Samuel. Cerambycidæ from Mount Kinabalu. Journal of the federated Malay States Museum, Kuala Lumpur 17 (30): 581-631. (1935)."
"Calliostoma spinosum Landau, Van Dingenen & Ceulemans, 2017",
Aristolochia macrophylla Duch.,Duch. In: Ann. Sc. Nat. Ser. IV. 2: 68. (1854).
"Pyripnomyces maranhensis Cavalc., 1972","Cavalcante, Cavalcanti & Leal. In: Publicações. Instituto de Micologia da Universidade de Pernambuco 647:22. (1972)."
"Stenus (Nestus) albipilus Rey, 1884","Rey, C. Tribu des brévipennes. Deuxième groupe: Micropéplides. Troisième groupe: Sténides. Annales de la Société Linnéenne de Lyon, (N.S.) 30: 153-415, pls. 1-3. (1884)."
Sisyrinchium flexuosum Raf.,Raf. In: Autik. Bot.: 65. (1840).
"Dichelacera variegata Burger, 1999",
Chaetoceros ramosus O.S.Korotkevich,
"Melophlus ruber Lehnert & van Soest, 1998",
"Citreimonas salinaria Choi & Cho, 2006",
Pomaderris coactilifolia F.Müll. ex Reiss.,"Reiss. In: Linnaea, 29: 1857 291. (1858)."
"Parandra (Parandra) glabra Peck, Thomas & Turnbow, 2014","PECK Stewart B., THOMAS Michael C. & TURNBOW Robert H. Jr. The diversity and distributions of the beetles (Insecta: Coleoptera) of the Guadeloupe Archipelago (Grande-Terre, Basse-Terre, La Désirade, Marie-Galante, Les Saintes, and Petite-Terre), Lesser Antilles. Insecta Mundi, Gainesville 0352: 1-156, 2 cartes. (2014)."
"Anthus bogotensis immaculatus Cory, 1916",
"Clostridium lactatifermentans Wielen et al., 2002",
"Palaeontinodes haifanggouensis Hong, 1983","Hong, Y.C. Beijang zhongzhu Inoshi kunchong huashi [Middle Jurassic fossil insects in north China.]. Geological Publishing House, Peking. 1983: 1-223. (1983)."
"Dendrodoris melaena Allan, 1932","Brodie, G. D.; Willan, R. C.; Collins, J. D. Taxonomy and occurrence of Dendrodoris nigra and Dendrodoris fumata (Nudibranchia: Dendrodorididae) in the Indo-West Pacific region. Journal of Molluscan Studies. 63, 407-423. (1997)."
Cybianthus resinosus Mez,Mez. In: Engl. Pflanzenr. 236(Heft 9): 219. (1902).
"Sphenoptera parallela Gory & Laporte, 1839",
"Ramularia graminella (Höhn.) U.Braun, 1988","Braun, U. Studies on Ramularia and allied genera (I). In: Int. J. Mycol. Lichenol. 3(2-3):281. (1988)."
"Termitocomes wasmanni Seevers, 1941","Seevers, C. H. Taxonomic investigations of some termitophilous Staphylinidae of the subfamilies Aleocharinae and Trichopseniinae (new subfamily). Annals of the Entomological Society of America, 34 (2): 318-346, pls. 1-3. (1941)."
"Anomala delagoa Péringuey, 1902","Péringuey L. Descriptive catalogue of the Coleoptera of South Africa (Lucanidae and Scarabaeidae), Sub-families: Rutelinae, Hopliinae. Transactions of the South African philosophical Society. Cape Town 12:561-920. (1902)."
"Valsonectria macrospora J.D.Rogers & Lar.N.Vassiljeva, 2010","Vasilyeva, L.N.; Rogers, J.D. Some new pyrenomycetous and loculoascomycetous fungi on the endemic Hawaiian plant Hibiscadelphus giffardianus. In: Mycotaxon 113:278. (2010)."
"Agaricus arvensis macrolepis (Pilát & Pouzar) Vasas, 1990","Vasas, G. Eine neue Macrolepiota Art aus Ungarn (Basidiomycetes, Agaricales). In: Annls hist.-nat. Mus. natn. hung. 81:41. (1990)."
"Clemelis pullula (Townsend, 1915)",
"Stegotes spinicollis Hustache, 1950",
Cassava brown streak virus ICTV,
Hibiscus grandiflorus Juss. ex DC.,DC. In: Prod. 1: 456. (1824).
"Elachista gielisi Traugott-Olsen, 1992",
"Thoracus pardus L.A.A.Chevrolat, 1878",
Festuca rectiseta (Nees) Walp.,Walp. In: Ann. Bot. Syst. 1: 943. (1849).
"Philonthus commodatus Last, 1968","Last, H. R. New Guinea Staphylinidae (Coleoptera). Journal of Natural History, 2 (3): 345-375. (1968)."
Tomocichla,
Pholeosilpha,
Thysanosoria pteridiformis (Ces.) C.Chr.,"C. Chr. In: Ind. Fil., Suppl. III: 187. (1934)."
"Typocerus zebratus LeConte, 1873","LECONTE John Lawrence. New species of North American Coleoptera. Prepared for the Smithsonian Institution. Part II. Smithsonian Miscellaneous Collections. Washington, D. C. 11 (264): 169-240. (1873)."
Pinus jeffreyi Balf.,"Balf. In: Murray, Bot. Exped. Oregon 8: 2. (1853)."
Guarea puberula Pittier,Pittier. In: Bol. Soc. Venezuela Cienc. Nat. 4: 357. (1938).
"Omorgus (Omorgus) bachorum Strümpher, Farrell & Scholtz, 2014","Strümpher W.P., Farrell J. & Scholtz C.H. Trogidae in forensic entomology: occurrence of known and new species in Queensland, Australia. Austral Entomology 53:368–372. (2014)."
Turraea fischeri eylesii (E.G.Bak.) Styles & White,
Calpidia lauterbachii Heimerl,"Heimerl. In: Österr. Bot. Zeitschr., 63: 286. (1913)."
Aster velutinus (DC.) Kuntze,Kuntze. In: Rev. Gen. 318. (1891).
"Drechslera fugax (Wallr.) Shoemaker, 1958",Hughes. In: Can. J. Bot. 36:765. (1958).
Capparis monantha M.Jacobs,"M. Jacobs. In: Blumea, 12: 471. (1965)."
"Natrix platyceps Shaw Et Al., 1939",
"Balanophyllia (Balanophyllia) rediviva Moseley, 1881",
"Galactinia succosa (Berk.) Sacc., 1889","Saccardo, P.A. In: Syll. fung. (Abellini) 8:106. (1889)."
"Pterostichus burrowsi Broun, 1914",
"Latisipho severinus (Dall, 1919)",
"Bragasellus comasioides Magiez & Brehier, 2004",
"Lithacodia jora Schaus, 1911",
Amygdalus glandulosa Leroy ex C.Koch,C. Koch. In: Dendrol. 1: 116. (1869).
"Conchotingis trepidantis (Drake, 1927)",
"Galeodea postcoronata Sacco, 1890",Check List of European Marine Mollusca (CLEMAM).
"Argia impura Rambur, 1842","Rambur, P. Histoire naturelle des insectes. Névroptères. Librairie Encyclopédique de Roret, Paris: 1-534, incl. pl. 1-12. (1842)."
Calceolaria foliosa Phil.,Phil. In: Anal. Univ. Chil. 531. (1873).
"Afroplectus (Afroplectus) pachys Jeannel, 1952","Jeannel, R. Psélaphides recueillis par N. Leleup au Congo Belge. IV.-Faune de l'Itombwe et de la Forêt du Rugege. Annales du Musée Royal du Congo Belge, Tervuren (Série 8º: Sciences Zoologiques), 11: 1-295. (1952)."
"Paxina corium (O.Weberb.) Seaver, 1928","Seaver, F.J. In: North American Cup-fungi, (Operculates) (New York):208. (1928)."
Cacalia graciliflora Wall.,Wall. In: Cat. n. 3149. (1829).
Gainiaceae,
"Phyllophaga limasa Saylor, 1948",
"Gomphocentrum dauphinense (Rolfe) Szlach., Mytnik & Grochocka","Szlach., Mytnik & Grochocka. In: Biodivers. Res. Conservation 29: 14. (2013)."
"Stratiomys velutina Bigot, 1879",
"Hypothyris noinonia granadensis Haensch, 1905",
"Canalisporium caribense (Hol.-Jech. & Mercado) Nawawi & Kuthub., 1989","Nawawi, A.; Kuthubutheen, A.J. Canalisporium, a new genus of lignicolous hyphomycetes from Malaysia. In: Mycotaxon 34(2):479. (1989)."
Micromeria tagananensis P.Pérez,P.Pérez. In: Rev. Gen. Micromeria Reg. Macaronesica: 108. (1978).
"Psylla ericae Curtis, 1835",
Aleuritopteris mairei (Brause) Ching,"Ching. In: Bull. Fan Mem. Inst. Biol. Bot. 2, 1: 272. (1949)."
"Hypena hokkaidalis Wileman & West, 1930",
"Panjange marilog Huber, 2015","Huber, B. A., Nuñeza, O. M. Evolution of genital asymmetry, exaggerated eye stalks, and extreme palpal elongation in Panjange spiders (Araneae: Pholcidae). European Journal of Taxonomy 169: 1-46. (2015)."
"Tingis (Tingis) perkensi Drake, 1947",
"Tetrops hauseri kostini Özdikmen & Turgut, 2008","ÖZDIKMEN Hüseyin & TURGUT Semra. The genus Tetrops Stephens, 1829 with a new subspecies, Tetrops praeustus anatolicus ssp. n. from Turkey (Coleoptera: Cerambycidae: Lamiinae). Munis Entomology & Zoology 3 (2): 621-635, 3 figs & 2 cartes. (2008)."
"Protoribates (Protoribates) boraboraensis Sellnick, 1959",
Paspalum scalare Trin.,Trin. In: Sp. Gram. 3: t. 274. (1829).
"Stracena flavescens Aurivillius, 1925",
Vitellaria serpentaria (Kunth) Radlk.,Radlk. In: Sitzungsber. Math.-Phys. Cl. Königl. Bayer. Akad. Wiss. München 12: 320. (1882).
"Pristonychus pretiosus Faldermann, 1836","FALDERMANN, Francisco. Additamenta entomologica ad faunam Rossicam in itineribus Jussu Imperatoris Augustissimi annis 1827-31 a Cl. MÉNÉTRIÉS et SZOVITZ susceptis collecta, in lucem edita. (Coleoptera persico-armeniaca). Fauna entomologica transcaucasica 1. Pentamera. -. ""Nouveaux Mémoires de la Société Impériale des Naturalistes de Moscou, 4: 1-314, pls. 1-10. (Moscow). (<a href = ""https://biodiversitylibrary.org/page/33098763"" target =""_blank"">See BHL)"". (1836)."
"Anomala eksae Prokofiev & Zorn, 2015","Prokofiev A.M. New Anomala Samouelle, 1819 from South-East Asia. Russian Entomological Journal 24(1):37-59. (2015)."
Haageocereus symmetros Rauh & Backeb.,
Petrophile stylaris Gand.,Gand. In: Bull. Soc. Bot. France 66: 226. (1919).
"Melanopsis constricta constricta Brusina, 1878","Wenz, W. Fossilium Catalogus I: Animalia. Gastropoda extramarina tertiaria. (1923-1930)."
"Boletus praestigiator R.Schulz, 1924","Michael & Schulz. In: Führ. Pilzfr., 1 Edn 5 (Berlin):pl. 91. (1924)."
"Phormosoma bursarium A.Agassiz, 1881",
Cornigomphus,
"Popilius fischeri (Pereira, 1941)",Pereira F.S. Contribuicao para o conhecimento da subfamilia dos Pseudacanthinae. Arquivos de Zoologia do Estado de São Paulo 3:93-113. (1941).
"Argyra argentata Macquart, 1834",
Kuceraianum,
"Cytherura siesseri Dingle, 1993",
Vinsonia palustris (Thouars) Gaudich.,"Gaudich. In: Voy. Bonite, Bot. 3: t. 17, f. 18-23. (1841)."
"Acraea cerasa kiellandi Carcasson, 1964",
"Michotamia deceptus Scarbrough & Hill, 2000",
"Antepipona exaltata Giordani Soika, 1982",
Eugenia pseudosubtilis var. platyphylla King,"King. In: J. Asiat. Soc. Bengal, Pt. 2, Nat. Hist. 70(2): 124. (1901)."
"Aplomera pachymera Macquart, 1838",
Haworthia cymbiformis var. cymbiformis,
"Hyalopsyche pilosa (Navas, 1916)",
"Turricaspia incerta Roshka, 1973",
Astragalus erwinii-gaubae Sirj. & Rech.fil.,"Sirj. & Rech. fil. In: Anz. Österr. Akad. Wiss., Math.-Nat., 91: 163. (1954)."
"Microlerneca leticia de Mello, 1995",
Theonoe,
Sinosenecio cyclaminifolius (Franch.) B.Nord.,"B. Nord. In: Op. Bot., 44: 50. (1978)."
"Harpagochromis boops (Greenwood, 1967)",
"Chlorocoma carenaria Guenée, 1857",
"Simulium similis Rubtsov, 1940",
"Polystictus ursinus (Link) Cooke, 1886","Cooke, M.C. In: Grevillea 14(no. 71):80. (1886)."
"Chontalia cyanipennis Linsley & Chemsak, 1971","LINSLEY E. G. & CHEMSAK J. A. An attempt to clarify the generic status of some neotropical species currently assigned to Euryptera, Chontalia and Ophistomis (Coleoptera, Cerambycidae). Arquivos de Zoologia, São Paulo 21 (1): 1-40. (1971)."
"Megaphyllites gebzensis Fantini Sestini, 1988","N. Fantini Sestini. Anisian ammonites from Gebze area (Kokaeli Peninsula, Turkey). Rivista Italiana di Paleontologia e Stratigrafia: 35--80. (1988)."
"Darceta haenschi H.Dohrn., 1906",
"Drephalys opifex Evans, 1952",
"Amblyomma brasiliense var. guyanense Floch & Abonnenc, 1941",
Hedyosmos secundus (S.Watson) Kuntze,Kuntze. In: Revis. Gen. Pl. 2: 520. (1891).
"Coniothyrium radicicola Tehon, 1937","Tehon, L.R. In: Mycologia 29(4):442. (1937)."
"Stereum armeniacum Boidin & Gilles, 1989","Boidin, J.; Gilles, G. Basidiomycètes Aphyllophorales de l'Ile de la Réunion: XIII et XIV. XIII. Le genre Stereum Pers.: S.F. Gray (1). XIV. Le genre Sphaerobasidium Oberw. In: Bull. trimest. Soc. mycol. Fr. 105(2):140. (1989)."
"Argyropelecus amabilis (Ogilby, 1888)",
"Sinezona finlayi (Laws, 1948)",
Rhaphidophora puberula Engl.,Engl. In: Bot. Jahrb. Syst. 1: 180. (1880).
Megarthroides,
Chingiacanthus glaber Hand.-Mazz.,"Hand.-Mazz. In: Sinensia, 5: 12. (1934)."
"Glenea (Glenea) pici Breuning, 1956","BREUNING Stephan. Revision der Gattung Glenea Newm. (1. Fortsetzung). Entomologischen Arbeiten aus dem Museum G. Frey, Tutzing bei München 7 (2): 671-893. (1956)."
"Mecysmoderes tschungseni Voss, 1958",
Epithetica,
"Calanus australis pacificus Brodsky, 1959",
"Nienna qinghaiensis Bu & Yin, 2008","Bu, Yun, and Wen Ying Yin. Occurrence of Nosekiella Rusek 1974 and Nienna Szeptycki 1988 (Protura: Nipponentomidae: Verrucoentominae) in China. Annales de la Société Entomologique de France (n. s.), vol. 44, no. 2. (2008)."
"Pleosphaeria polygalincola Ade, 1923","Ade, A. In: Hedwigia 64:292. (1923)."
"Eumecia johnstoni (Boulenger, 1897)",
"Coitocaecum indicum (Gupta & Ahmad, 1978)",
"Anisothecium macrostomum Brotherus, 1924",Brotherus. Nat. Pflanzenfam. (ed. 2). (1924).
Arrhenechthites haplogyna (F.Müll.) Mattf.,Mattf. In: Engl. Jahrb. 69: 292. (1938).
"Melanopsis subhercynica Mertin, 1939",
Thalictrum simplex var. angustisectum Neilr.,
Strongylodon madagascariensis Baker,
"Proterorhynus marmoratus (Pallas, 1814)",
"Paraplesiataenius tremolerasi (Schmidt, 1911)",Schmidt A. Eine serie neuer Aphodiinen. Stettiner entomologische Zeitung. Stettin 72:1-51. (1911).
"Mecometopus troglodytes Lacordaire, 1869",LACORDAIRE Jean Théodore. Histoire Naturelle des Insectes. Genera des Coléoptères ou exposé méthodique et critique de tous les genres proposés jusqu'ici dans cet ordre d'insectes.. Famille des longicornes (suite). Paris. Librairie Encyclopédique de Roret. 9 (1): 1-409. (1869).
Thalictrum thunbergii var. hypoleucum (Siebold & Zucc.) Nakai,Nakai. In: Bot. Mag. (Tokyo) 42: 3. (1928).
"Russula griseoviridis McNabb, 1973","McNabb, R.F.R. In: N.Z. Jl Bot. 11(4):701. (1973)."
"Philotoceraeoides multilineatus Breuning, 1957",
Orchis bractealis,Salisb. In: Parad. Lond. 2: t. 110. (1808).
"Cheiracanthium echinulatum Zhang, Zhang & Yu, 2018","Zhang, J. S., Zhang, G. R., Yu, H. Four species of spider genus Cheiracanthium C. L. Koch, 1839 (Araneae, Eutichuridae) from Jinggang Mountains, Jiangxi Province, China. ZooKeys 762: 33-45. (2018)."
"Tauchira gracilis C.Willemse, 1931",
"Aphodius panamensis Harold, 1859",
"Clinidium (Arctoclinidium) apertum Reitter, 1880","REITTER, Edmund R.H. Einige neue Coleopteren. -. Verhandlungen des Naturforschenden Vereines in Brünn, 18: 29-33. (Brünn). (1880)."
"Gabrius peninsula Tottenham, 1962","Tottenham, C. E. Coleoptera Staphylinidae Staphylininae. Mission zoologique de l'I.R.S.A.C. en Afrique orientale (P. Basilewsky et N. Leleup, 1957). LXXVI. Annales du Musée Royal de l'Afrique Centrale, Tervuren (Série 8º: Sciences Zoologiques), 110: 132-258. (1962)."
Agrostophyllum bilobolabellatum Gilli,"Gilli. In: Ann. Naturhist. Mus. Wien, B 84: 15. (1980 publ. 1983)."
Papaver gorgoneum theresias J.W.Kadereit & W.Lobin,
"Aegomomus litigiosus Pascoe, 1864","PASCOE Francis Polkinghorne. Longicornia Malayana ; or, a Descriptive Catalogue of the Species of the three Longicorn Families Lamiidæ, Cerambycidæ and Prionidæ collected by Mr. A. R. Wallace in the Malay Archipelago. (Part I). The Transactions of the Entomological Society of London 3 (3) 1: 1-96, pls I-V. (1864)."
Vittaria microlepis Hieron.,Hieron. In: Hedwigia 57: 202. (1916).
Bulbophyllum stellulamontis J.J.Verm. & A.L.Lamb,J.J.Verm. & A.L.Lamb. In: Malesian Orchid J. 11: 97. (2013).
"Evodinus punctatus var. reductemaculatus Pic, 1915","PIC Maurice. Notes diverses, descriptions et diagnoses (Suite.). L'Échange, Revue Linnéenne 31 (371): 41-42. (1915)."
"Cydistomyia mackerrasi Philip, 1960",
Thesidium exocarpaeoides Sond.,"Sond. In: Flora, 40: 365. (1857)."
Stroganowia cardiophylla Pavlov,
"Iridagonum laeve Louwerens, 1969","LOUWERENS, C.J. Some South Pacific Carabidae with descriptions of new Agonini of the Bismarck Islands. -. Pacific Insects, 11 (3-4): 769-778. (1969)."
"Elymnias kamara Moore, 1857",
"Notophthiracarus (Calyptophthiracarus) costai (Macfarlane & Sheals, 1965)",
Indolagus,
Acaena basibullata Bitter,Bitter. In: Biblioth. Bot. 74: 228. (1910).
"Isaria sphingum Schwein., 1822","Schweinitz, L.D. von. In: Schr. naturf. Ges. Leipzig 1:126 (100 of repr.). (1822)."
"Pocillopora meandrina var. nobilis Verrill, 1864","Scheer, G.; Pillai, C. S. G. Report on Scleractinia from the Nicobar Islands. Zoologica, Stuttgart. 42(122): 1-75. (1974)."
Xeromantispa,
"Dinotrema ussuricum Tobias, 2007","Belokobylskij, S.A.; Tobias, V.I. Alysiinae. (in Russian). In: A.S. Lelej (ed.) 'Key to the insects of Russia Far East. Vol.IV. Neuropteroidea, Mecoptera, Hymenoptera. Pt 5.' Vladivostok: Dalnauka. 1052 pp. pp.9-133. (2007)."
"Kramerolidia merus Van Duzee, 1907",
"Coraebus nipponicola Obenberger, 1914",
"Physalospora paulowniae S.Ito & Kobayasi, 1951",S. Ito & Kobayasi. In: Bull. Govt Forest Exp. Stn Meguro 49:85. (1951).
"Mycetoporus debilis Mäklin, 1847","Mäklin, F. G. Ad cognitonem specierum Fennicarum generis Mycetopori Symbola, quas Venia Amplissimi Ordinis Philosophorum Universitatis in Fennia Alexandrinae, praeside Johanne Magno a Tengström, Phil. et Med. Doct., Zoolog. et Botan. Prof. publ. et ord. Imp. +. Helsingforsiae: Frenckelliana. 16 pp. (1847)."
"Ommatius hecale Walker, 1849",
"Penelope ochrogaster Pelzeln, 1870",
"Ctenomorpha haworthii G.R.Gray, 1835",
"Holospira (Holospira) aurantiaca F.G.Thompson & Mihalcik, 2005",
Bertramia,
"Chinapenetretus (Chinapenetretus) potanini (Kurnakov, 1963)",
Cynanchum stoloniferum (B.R.Adams & R.W.K.Holland) Goyder,Goyder. In: Kew Bull. 63(3): 471. (2009).
"Floresorchestia laurenae Lowry & Springthorpe, 2015",
"Acanthococcus chilos Miller & Miller, 1993",
Duckera taitensis (Guillem.) F.A.Barkley,"F. A. Barkley. In: Lilloa, 23: 253. (1950)."
Saussurea microcephala var. pteroclada Nakai & Kitag.,"Nakai & Kitag. In: Rep. Exped. Manchoukuo Sect. IV, 1: 63. (1934)."
"Cyphus sexdecimpunctatus Sturm, 1826",
Asplenium hookerianum var. baileyanum Domin,Domin. In: Bibl. Bot. 85: 102. (1913).
"Morganella polyctena Takagi, 2003",
"Psen gussakovskiji de Beaumont, 1941",
"Trionymus americanus (Cockerell, 1899)",
"Sericeomyces sericifer (Locq.) Døssing, 1991","Knudsen, H.; Hansen, L. (eds). New taxa and combinations in the Agaricales, Boletales and Polyporales. In: Nordic Jl Bot. 11(4):481. (1991)."
Eupatorium sinense J.Gmel.,J. Gmel. In: Syst. Nat. 1198 1791. (1792).
"Labidocera brasiliense Farran, 1929",
Epidendrum pollardii Hágsater,Hágsater. In: Icon. Orchid. 2: t. 176. (1993).
Stipa vaginata f. rigida F.A.Roig,F.A.Roig. In: Revista Fac. Ci. Agrar. Univ. Nac. Cuyo 11: 54. (1964 publ. 1966).
Nehypochthonius,
Xhosores,
"Globigerina clarkei Rögl & Bolli, 1973","Rögl, F.; Bolli, H. Holocene to Pleistocene Planktonic Foraminifera of Leg 15, Site 147 (Cariaco Basin [Trench], Caribbean Sea) and Their Climatic Interpretation. Initial Reports of the Deep Sea Drilling Project, 15. (1973)."
"Siphonogorgia robusta Thomson & Mackinnon, 1910",
"Baseodiscus antillensis (Bürger, 1895)",
Thuja cupressoides L.,L. In: Mant. Pl. 1: 125. (1767).
"Unio spillmanii I.Lea, 1861",InvertEBase. Authority files of U.S. and Canadian land and freshwater mollusks developed for the InvertEBase project (invertebase.org). (2015).
"Mitra (Nebularia) fulvescens Broderip, 1836","Drivas, J.; Jay, M. Coquillages de La Réunion et de l'Île Maurice. Collection Les Beautés de la Nature. (1987)."
"Enea signicosta Walker, 1864",
Conanthera,
Aramides,
"Venus bilineata Reeve, 1863","Coan, E. V.; Valentich-Scott, P. Bivalve seashells of tropical West America. Marine bivalve mollusks from Baja California to northern Peru. (2012)."
"Rosellinia andina Speg., 1909","Spegazzini, C.L. In: Anal. Mus. nac. B. Aires, Ser. 3 12:337. (1909)."
Poa paniciformis A.Braun,A.Braun. In: Flora 24: 274. (1841).
Xanthosoma belophyllum var. caracassanum K.Koch,"K.Koch. In: Index Seminum (B, Berolinensis) 1854(App.): 2. (1855)."
"Otiorhynchus (Lolatismus) porcatus (Herbst, 1795)","Herbst J.F.W. Natursystem aller bekannten in- und auslandischen Insekten, als eine Fortsetzung der von Buffonschen Naturgeschichte. Der Kafer. Vol. 6 Berlin, Pauli, xxiv + 520 pp. + pl. LX–XCV. (1795)."
Bromopsis erecta longiflora (Willd. ex Spreng.) Dostál,"Dostál. In: Folia Mus. Rerum Nat. Bohemiae Occid., Bot. 21: 16. (1984)."
Escadabius,
Ranunculus hirtellus var. glabricaulis Hand.-Mazz.,Hand.-Mazz. In: Acta Horti Gothob. 13(4): 151-152. (1939).
"Megachile poeyi Guérin-Méneville, 1845",
"Gaimardia trapesina (Lamarck, 1819)",
"Seps fragilis Raddi, 1826",
"Trichiolaus mermeros (Mabille, 1878)",
"Melanagromyza solanidis Spencer, 1959",
"Carapoia munduruku Huber, 2018","Huber, B. A. The South American spider genera Mesabolivar and Carapoia (Araneae, Pholcidae): new species and a framework for redrawing generic limits. Zootaxa 4395(1): 1-178. (2018)."
"Leucoptera puerariella Kuroko, 1964",
"Lissonotus unidentatus Dalman, 1817","SCHÖNHERR Carl Johann. Synonymia insectorum, oder : Versuch einer Synonymie Aller bisher bekannten Insecten ; nach Fabricii Systema Eleutheratorum &:c. geordnet. Skara, Lewerentzischen Buchdrükerey 1 (3): xi + 1-506. (1817)."
"Microlophus stolzmanni (Steindachner, 1891)",
"Apteroessa grossa (Fabricius, 1781)",
"Agyrtodes flaviceps Seago, 2009","Seago, A. E. Revision of Agyrtodes Portevin (Coleoptera: Leiodidae). Coleopterists Society Monograph, 7: 1-73. (2009)."
"Domingomiris coloradensis Carvalho, 1980","Carvalho, J. C. M. Mirideos neotropicais, CCXXI: descriçoes de dois generos novos da subfamilia Bryocorinae (Hemiptera). Revista Brasileira de Biologia 40: 431--434. (1980)."
"Rhingiopsis jamesi Barretto, 1947",
Cicada pygmaea,"Walker, F. List of the specimens of homopterous insects in the collection of the British Museum. (Published by) Order of Trustees. London. 1: 1-260. pl. 1-2. (1850)."
"Charaxes zoolina Westwood, 1850",
"Haplochromis dentex Regan, 1922",
Leptopharynx parryi (A.Gray) Rydb.,Rydb. In: N. Amer. Fl. 34: 22. (1914).
"Hemicytherura propria Hao (Yi-Chun) in Ruan & Hao (Yi-Chun), 1988",
"Comusia fumifera Holzschuh, 2005",
Cypripedium cruciforme Zoll. & Moritzi,W.H.De Vriese. In: Ill. Orchid. Ind. Orient.: t. 6. (1854).
Selaginella lychnuchus Spring ex Kl.,"Kl. In: Linn. 20: 435 (1847), nomen, ex Spring, Monogr. Lyc. 2: 247, no. 186. (1850)."
"Diplodina albanica Bubák, 1906","Bubák, F. In: Bull. Herb. Boissier, 2 sér. 6:476. (1906)."
"Phyllosticta correae McAlpine, 1903","McAlpine, D. In: Proc. Linn. Soc. N.S.W. 28(3):556. (1903)."
Limonium acutifolium tharrosianum (Arrigoni & Diana) Arrigoni,Arrigoni. In: Parlatorea 7: 19. (2005).
Rhodiola eurycarpa (Fröderstr.) Fu,"Fu. In: Acta Phytotax. Sin., Addit. 125. (1965)."
"Bibloporellus thoracicus Jeannel, 1952","Jeannel, R. Psélaphides recueillis par N. Leleup au Congo Belge. IV.-Faune de l'Itombwe et de la Forêt du Rugege. Annales du Musée Royal du Congo Belge, Tervuren (Série 8º: Sciences Zoologiques), 11: 1-295. (1952)."
Orchis sambucina insularis (Sommier) Briq.,Briq. In: Prodr. Fl. Corse 1: 371. (1910).
Cirsium walkerianum Petr.,"Petr. In: Beih. Bot. Centralbl. 35, Ab. 2: 405. (1917)."
"Ostracolethe punctata (Collinge, 1901)",
"Casanovula minotaurus (Hoarean Nieukerken, 2013) van Nieukerken et al., 2016","Nieukerken EJ van, Doorenweerd C, Hoare RJB, Davis DR. Revised classification and catalogue of global Nepticulidae and Opostegidae (Lepidoptera: Nepticuloidea). ZooKeys 628: 65-246. doi: 10.3897/zookeys.628.9799. (2016)."
Chaenothecopsis edbergii Selva & Tibell,Selva & Tibell in Selva & Tibell. In: Bryologist Vol.: 102 Issue: 3 p. 381. (1999).
"Cerobertina afueraensis McCulloch, 1977",
"Endelus carteri Holynski, 2003",
"Asterotus graminum Singer, 1969","Singer, R. In: Beih. Nova Hedwigia 29:57. (1969)."
"Cistenides okudai Imajima & Hartman, 1964",
Gnotus,
Astragalus leucolobus Parry ex M.E.Jones,"M. E. Jones. In: Zoe, 4: 270. (1893)."
"Copris breve Germar, 1824",
"Biosteres vitalcensis Fischer, 1983","Fischer, M. Neue Opiinae der Gattung Biosteres Foerster, Aspilodemon Fischer und Opius Wesmael aus der neotropischen Region (Hymenoptera, Braconidae). Oesterreichische Akademie der Wissenschaften Mathematisch Naturwissenschaftliche Klasse Sitzungsberichte Abteilung I. 192(1-4) 1983: 59-93. (1983)."
"Chorthippus aethalinus kongausensis (Caudell, 1928)",
Begonia quadrialata var. speciosa Irmsch.,Irmsch. In: Bot. Jahrb. Syst. 81: 182. (1961).
"Trigonia (Scabrotrigonia) gerthi Olsson, 1944","Cooper, M. R. On the Pterotrigoniidae (Bivalvia, Trigoniida): their biogeography, evolution, classification and relationships. Neues Jahrbuch für Geologie und Paläontologie - Abhandlungen. 277(1): 11-42. (2015)."
"Mesamphiascus confusus (Scott T., 1902)",
"Neoclytus erythrocephalus Daecke, 1909","DAECKE V. A. E. & CHAMPLAIN A. B. Doings of Societies. [Coleoptera from hickory]. Entomological News, Philadelphia 20 (7): 327-334. (1909)."
"Trichopus goramy (Lacepède, 1801)",
Hieracium murorum fragile (Jord.) Br.-Bl.,Br.-Bl. In: Cat. Fl. Aigoual: 335. (1933).
"Diplectanum latesi Tripathi, 1959",
"Ophioleila elegans A.H.Clark, 1949",
Lotus purshianus (Lindl.) Ottley,
"Gymnetron subdolum Caldara, 2011",
"Zaozhuangaspis similis Lin, 1984","T. R. Lin. A new genus of Middle Cambrian trilobite from Zaozhuang, Shandong. Acta Palaeontologica Sinica 6: 738--741. (1984)."
"Boletus chrysenteron var. nanus Massee, 1892","Massee, G.E. In: Brit. Fung.-Fl. (London) 1:264. (1892)."
Ranunculus nanus Fisch. ex DC.,DC. In: Prodr. (A. DC.) 1: 33. (1824).
"Xenolpium pacificum norfolkense Beier, 1976",
"Homoneura anthracina Malloch, 1929",
Stereoxylon paniculatum Ruiz & Pav.,Ruiz & Pav. In: Fl. Per. 3: 16. (1802).
Syringodea exsurgens (Andr.) G.Don,G. Don. In: Gen. Hist. 3: 819. (1834).
"Ischnopoda (Dinaraea) tokiokai K.Sawada, 1971","Sawada, K. Aleocharinae (Staphylinidae, Coleoptera) from the campus of the Seto Marine Biological Laboratory. Publications of the Seto Marine Biological Laboratory, 18: 291-315. (1971)."
Juniperus abyssinica hort. ex K.Koch,hort. ex K. Koch. In: Dendrol. 2 (2): 132. (1873).
"Aedes vicarius Lien, 1968",
"Bulbophyllum brachiatum (Schltr.) J.J.Verm., Schuit. & de Vogel","J.J.Verm., Schuit. & de Vogel. In: Phytotaxa 166: 107. (2014)."
"Dyschiriodes salivagans (LeConte, 1875)",
"Gonia vacua Meigen, 1826",
"Metablastothrix claripennis claricoxa Sugonjaev, 1988","Sugonjaev, E.S.; Trjapitzin, V.A. Chalcids of the genus |Metablastothrix| Sugonjaev (Hymenoptera, Chalcidoidea) and peculiarities of their distribution in North America and Eurasia. JOURBOOK: Entomologicheskoe Obozrenie VOLUME: 67(1) PAGES: 182-187. (1988)."
Macrostylis hirta E.Mey. ex Sond.,
Ixiochlamys,
Corydalis shimienensis C.Y.Wu & Z.Y.Su,C. Y. Wu & Z. Y. Su. In: Fl. Reipubl. Popul. Sin. 32: 543. (1999).
"Cetonia clathratus Olivier, 1792",
Cheilanthes aurea Bak.,Bak. In: Syn. Fil. ed. 1: 453. (1868).
"Amaurodon mustialaensis (P.Karst.) Kõljalg & K.H.Larss., 1996","Kõljalg, U. Tomentella (Basidiomycota) and related genera in temperate Eurasia. In: Syn. Fung. (Oslo) 9:33. (1996)."
Puccinellia fasciculata poiformis (Emb. & Maire) Dobignard & Portal,Dobignard & Portal. In: Index Syn. Fl. Afrique N. 1: 427. (2010).
Panicum assurgens H.St.John,H.St.John. In: Phytologia 63: 368. (1987).
Nassella airoides (Ekman) Barkworth,Barkworth. In: Taxon 39: 609. (1990).
"Calandra rubiginea Wiedemann, 1819",
"Amara friebi Jedlicka, 1946",
"Limnobaris griseus T.L.Casey, 1892",
"Parauxa latifrons Breuning, 1940","BREUNING Stephan. Novae species Cerambycidarum. IX. Folia Zoologica et Hydrobiologica, Riga 10 (1): 115-214. (1940)."
Ancistrocerus auctus renimacula Lepeletier,
"Rhopalizus nitens nigripes (Chevrolat, 1858)",
"Barbatia barbata (Linnaeus, 1758)",
"Exapate congelatella Clerck, 1759",
Puelia,
"Tandilia derufata Draudt, 1924",
Rhinogobius brunneus,
"Blacus dadianshanicus Belokobylskij, 2000","Belokobylskij, S.A. New species of the subfamily Euphorinae (Hymenoptera, Braconidae) from east Palaearctic. Part 1. Far Eastern Entomologist. 87: 1-28. (2000)."
"Tedania conuligera Topsent, 1892","Van Soest, R.W.M. Porifera, in: Costello, M.J. et al. (Ed.) (2001). European register of marine species: a check-list of the marine species in Europe and a bibliography of guides to their identification. Collection Patrimoines Naturels. 50: 85-103. (2001)."
Stachys foeniculum Pursh,Pursh. In: Fl. Amer. Sept. 2: 407. (1813).
"Orodesmus unicolor Cook, 1895",
"Myrmecopora (Myrmecopora) ciliciana Assing, 2001","Assing, V. A revision of the Palaearctic species of Myrmecopora Saulcy, 1864. IV. A new species from Turkey and additional records (Coleoptera: Staphylinidae, Aleocharinae, Falagriini). Beiträge zur Entomologie, 51 (2): 335-340. (2001)."
"Violaceomyces palustris S.A.Albu, Toome & Aime, 2015","S.A. Albu, Toome & Aime. In: Mycologia 107(6):1198. (2015)."
"Muriceides aequatorialis (Wright & Studer, 1889)",
"Lissochilus laocaiensis Nguyen & Doan, 1969",
"Prepona meander megabates Fruhstorfer, 1916",
"Anthopleura stimpsonii Verrill, 1869",
"Steniridia parvitarsalis Valentine, 1935","VALENTINE, J.Manson. Speciation in Steniridia, a group of cychrine beetles (family Carabidae, genus Scaphinotus). Journal of the Elisha MITCHELL Scientific Society, 51 (2): 341-375, pls. 65-73. (Chapel Hill). (1935)."
Cyphostemma triumfettoides (Gilg & Brandt) Descoings,"Descoings. In: Not. Syst., Paris, 16: 125 (1960), et Nat. Monspel., Ser. Bot., Fasc. 18, 229. (1967)."
"Antisolabis dammermani (Borelli, 1926)","Borelli. Dermapteres de Java, Sumatra et iles voisines. Hortus Botanicus Bogoriensis, Java (Treubia) (Treubia) 8(3-4):248-273. (1926)."
"Scaptesyle bicolor Walker, 1864",
Ocotea scabrella Werff,"H. van der Werff. In: Novon, 10(3): 287. (2000)."
Matelea mexicana D.L.Spellman & G.Morillo,"D. L. Spellman & G. Morillo. In: Phytologia, 34(2): 152. (1976)."
"Murex trunculus var. dilatata Dautzenberg, 1895","Dautzenberg, Ph. Campagne de la Melita, 1892: Mollusques recueillis sur les côtes de la Tunisie et de l'Algérie Mem. Soc. Zool. France VIII: 363-373. (1895)."
"Rhipicephalus (Rhipicephalus) ramachandrai Morel, 1969",
"Polydendrorhynchus sinensis Yin & Zeng, 1985",
"Ceratitella asiatica Hardy, 1967",
Gelidocalamus fangianus (A.Camus) Keng f. & T.H.Wen,Keng f. & T.H.Wen. In: J. Bamboo Res. 2(1): 20. (1983).
"Ascochyta aricola A.L.Sm. & Ramsb., 1913","A.L. Sm. & Ramsb. In: J. Bot., Lond. 4:175. (1913)."
"Gonoproktopterus periyarensis (Raj, 1941)",
"Patritius breviauris J.A.Slater, 1979","Slater, J.A. A key to the species of Patritius St†l with the description of four new species from South America (Hemiptera: Lygaeidae). Proceedings of the Entomological Society of Washington (Proc. Entomol. Soc. Was.) 81(4):591-601. (1979)."
"Laelaroa fulvicosta Hampson, 1910",
"Xylotrechus annosus Beaulne, 1932","BEAULNE J. T. Longicornes nuisibles aux végétaux ligneux du Canada. Le Naturaliste Canadien, Québec 59 (10): 196-203. (1932)."
Sorbus quercoides hort. ex Lavallee,Lavallee. In: Arb. Segrez. 98. (1877).
"Aega ventrosa M.Sars, 1859",
"Platypus latedeclivis Schedl, 1942a",
Prismatocarpus cordifolius Adamson,Adamson. In: J. S. African Bot. 17: 121. (1952).
"Trigonidium hamakua D.Otte, 1994",
"Chelonus shoshoneanorum Viereck, 1911","Viereck, H.L. New species of reared Ichneumon-flies. Proceedings of the United States National Museum. 39:401-408. (1911)."
Combretum psammophilum Engl. & Diels,Engl. & Diels. In: Bot. Jahrb. Syst. 39: 502. (1907).
"Okamejei kenojei (Müller & Henle, 1841)",
"Diaprepes excavatus Rosenschoeld, 1840",
"Cypraea caputdraconis f. poppei Martin, 1989",
"Pamiracris reinigi Ramme, 1930",
Melissa subnuda Waldst. & Kit.,Waldst. & Kit. In: Descr. Icon. Pl. Hung. 3: 291. (1812).
"Cardinalis sinuatus Bonaparte, 1838",
"Polycesta fossulata (Péringuey, 1886)",
Dinapries,
"Stratiomys chamaeleon (Linnaeus, 1758)",
Archenopterus,
